,State,Ethnicity,Under 1 year,1-4 years,5-14 years,15-24 years,25-34 years,35-44 years,45-54 years,55-64 years,65-74 years,75-84 years,85 years and over
0,Alabama,Hispanic or Latino,5140.0,21313.0,55842.0,40247.0,35536.0,36059.0,25149.0,15040.0,7081.0,3154.0,1258.0
0,Alabama,Non-Hispanic White,31393.0,133561.0,384527.0,415733.0,434490.0,413273.0,456425.0,509624.0,420195.0,233600.0,72283.0
0,Alabama,Non-Hispanic Black,17344.0,68397.0,192453.0,210069.0,214542.0,180821.0,171118.0,179325.0,122611.0,50874.0,16389.0
0,Alabama,Non-Hispanic American Indian or Alaska Native,320.0,894.0,2862.0,3903.0,4110.0,3927.0,4114.0,4802.0,3554.0,1529.0,397.0
0,Alabama,Non-Hispanic Asian,703.0,3349.0,9580.0,11238.0,12534.0,13177.0,11962.0,8475.0,5424.0,2235.0,543.0
0,Alabama,Non-Hispanic Native Hawaiian or Other Pacific Islander,47.0,127.0,358.0,484.0,434.0,455.0,327.0,280.0,161.0,71.0,21.0
0,Alabama,Non-Hispanic More than one race,1954.0,9815.0,23138.0,15762.0,10078.0,6829.0,5947.0,6104.0,4463.0,2229.0,652.0
0,Alaska,Hispanic or Latino,866.0,4809.0,11133.0,9914.0,11287.0,8209.0,5534.0,4007.0,2044.0,688.0,210.0
0,Alaska,Non-Hispanic White,4869.0,20140.0,53898.0,53542.0,73744.0,66662.0,61006.0,72229.0,52259.0,20218.0,5278.0
0,Alaska,Non-Hispanic Black,323.0,1407.0,3268.0,4357.0,5252.0,3814.0,3008.0,2890.0,1632.0,533.0,139.0
0,Alaska,Non-Hispanic American Indian or Alaska Native,1796.0,7364.0,21014.0,18402.0,18764.0,14189.0,12224.0,12730.0,7918.0,3335.0,802.0
0,Alaska,Non-Hispanic Asian,470.0,2039.0,5936.0,7022.0,8895.0,6952.0,6999.0,6686.0,4080.0,1600.0,543.0
0,Alaska,Non-Hispanic Native Hawaiian or Other Pacific Islander,150.0,618.0,2018.0,1970.0,2132.0,1658.0,1122.0,832.0,386.0,138.0,34.0
0,Alaska,Non-Hispanic More than one race,1504.0,4725.0,13790.0,10864.0,8629.0,5695.0,3665.0,3105.0,1781.0,540.0,175.0
0,Arizona,Hispanic or Latino,37262.0,159001.0,452217.0,453282.0,410876.0,345724.0,284997.0,207447.0,121654.0,54828.0,15942.0
0,Arizona,Non-Hispanic White,30860.0,130728.0,393755.0,439004.0,506160.0,487332.0,522207.0,649581.0,642307.0,382777.0,120751.0
0,Arizona,Non-Hispanic Black,3717.0,17541.0,51542.0,53223.0,62397.0,51191.0,43770.0,38358.0,23787.0,10019.0,2701.0
0,Arizona,Non-Hispanic American Indian or Alaska Native,3851.0,16317.0,51909.0,49640.0,52833.0,40121.0,34908.0,32885.0,20526.0,9471.0,2660.0
0,Arizona,Non-Hispanic Asian,2286.0,9077.0,29229.0,36880.0,47264.0,47296.0,39256.0,28552.0,21337.0,9809.0,2885.0
0,Arizona,Non-Hispanic Native Hawaiian or Other Pacific Islander,161.0,657.0,1870.0,2117.0,2984.0,2582.0,1985.0,1560.0,946.0,412.0,73.0
0,Arizona,Non-Hispanic More than one race,3792.0,14538.0,41099.0,34477.0,25716.0,16879.0,11570.0,9452.0,6417.0,2780.0,725.0
0,Arkansas,Hispanic or Latino,4623.0,19710.0,55385.0,47504.0,39886.0,37080.0,28348.0,16702.0,7547.0,2821.0,933.0
0,Arkansas,Non-Hispanic White,22500.0,93392.0,271090.0,285121.0,295745.0,286683.0,296405.0,334086.0,281600.0,161289.0,52184.0
0,Arkansas,Non-Hispanic Black,6626.0,27290.0,76189.0,79529.0,76436.0,65047.0,57463.0,60458.0,40618.0,15695.0,5507.0
0,Arkansas,Non-Hispanic American Indian or Alaska Native,318.0,1142.0,3028.0,3531.0,3933.0,3114.0,3065.0,3541.0,2372.0,1075.0,340.0
0,Arkansas,Non-Hispanic Asian,511.0,2666.0,6700.0,7500.0,9944.0,9126.0,6802.0,5011.0,3412.0,1322.0,387.0
0,Arkansas,Non-Hispanic Native Hawaiian or Other Pacific Islander,152.0,707.0,2535.0,2111.0,2189.0,2226.0,897.0,540.0,239.0,69.0,23.0
0,Arkansas,Non-Hispanic More than one race,1625.0,7202.0,17207.0,12202.0,8046.0,5086.0,4156.0,4348.0,3471.0,1877.0,538.0
0,California,Hispanic or Latino,235304.0,981901.0,2891320.0,2833108.0,2803111.0,2400949.0,2083346.0,1535401.0,845858.0,382873.0,135136.0
0,California,Non-Hispanic White,124718.0,505136.0,1383330.0,1552820.0,2114874.0,1963369.0,2023184.0,2476488.0,2073298.0,1121455.0,442310.0
0,California,Non-Hispanic Black,24167.0,94376.0,277902.0,314907.0,409559.0,322589.0,317928.0,332276.0,207726.0,101467.0,33831.0
0,California,Non-Hispanic American Indian or Alaska Native,1705.0,7109.0,20141.0,22634.0,26244.0,22626.0,22767.0,25955.0,17993.0,8363.0,2507.0
0,California,Non-Hispanic Asian,48577.0,221775.0,640634.0,713404.0,1044131.0,994912.0,913375.0,815753.0,613840.0,309334.0,125704.0
0,California,Non-Hispanic Native Hawaiian or Other Pacific Islander,1733.0,7839.0,19428.0,20007.0,26228.0,23661.0,21628.0,21022.0,12508.0,5403.0,1772.0
0,California,Non-Hispanic More than one race,26385.0,102991.0,270430.0,229721.0,194818.0,133403.0,99466.0,86429.0,51437.0,22339.0,8586.0
0,Colorado,Hispanic or Latino,20326.0,83973.0,245717.0,238973.0,227756.0,200173.0,154454.0,110398.0,63444.0,28175.0,8403.0
0,Colorado,Non-Hispanic White,35981.0,148774.0,434634.0,475020.0,646602.0,590539.0,546150.0,608480.0,486242.0,220971.0,76321.0
0,Colorado,Non-Hispanic Black,2522.0,12215.0,34416.0,35743.0,47169.0,37326.0,32291.0,28869.0,16786.0,7069.0,2155.0
0,Colorado,Non-Hispanic American Indian or Alaska Native,441.0,1735.0,4515.0,6064.0,7640.0,5750.0,5118.0,4935.0,3301.0,1179.0,295.0
0,Colorado,Non-Hispanic Asian,1871.0,8275.0,23935.0,28390.0,40029.0,36193.0,29594.0,21167.0,14114.0,6469.0,2245.0
0,Colorado,Non-Hispanic Native Hawaiian or Other Pacific Islander,97.0,403.0,1164.0,1315.0,1669.0,1416.0,1079.0,947.0,517.0,150.0,23.0
0,Colorado,Non-Hispanic More than one race,3323.0,12265.0,34588.0,30786.0,24585.0,16199.0,10823.0,8246.0,4630.0,1652.0,479.0
0,Connecticut,Hispanic or Latino,9957.0,39594.0,114405.0,110371.0,104260.0,99738.0,80389.0,55772.0,29103.0,13024.0,3990.0
0,Connecticut,Non-Hispanic White,17486.0,76486.0,238122.0,309239.0,280376.0,277581.0,349654.0,437089.0,325788.0,177740.0,80802.0
0,Connecticut,Non-Hispanic Black,4104.0,16695.0,51873.0,59826.0,63750.0,54582.0,55131.0,50454.0,29205.0,14587.0,4588.0
0,Connecticut,Non-Hispanic American Indian or Alaska Native,71.0,337.0,1433.0,1130.0,1156.0,1038.0,1039.0,1184.0,734.0,334.0,154.0
0,Connecticut,Non-Hispanic Asian,1676.0,7750.0,22935.0,26441.0,33897.0,32737.0,27015.0,18371.0,11592.0,5492.0,1463.0
0,Connecticut,Non-Hispanic Native Hawaiian or Other Pacific Islander,13.0,80.0,205.0,177.0,175.0,200.0,223.0,202.0,88.0,19.0,13.0
0,Connecticut,Non-Hispanic More than one race,1318.0,6143.0,18085.0,16230.0,9388.0,6278.0,5042.0,4248.0,2327.0,970.0,320.0
0,Delaware,Hispanic or Latino,1987.0,7698.0,20584.0,17297.0,15258.0,15344.0,11610.0,7114.0,3823.0,1490.0,566.0
0,Delaware,Non-Hispanic White,5154.0,20990.0,60123.0,66434.0,79508.0,70851.0,79868.0,107093.0,98135.0,51326.0,16596.0
0,Delaware,Non-Hispanic Black,2493.0,10875.0,32101.0,34505.0,34302.0,29030.0,30401.0,30573.0,19696.0,8848.0,2499.0
0,Delaware,Non-Hispanic American Indian or Alaska Native,27.0,97.0,315.0,334.0,393.0,346.0,409.0,609.0,461.0,222.0,98.0
0,Delaware,Non-Hispanic Asian,393.0,2077.0,4955.0,4802.0,8020.0,7709.0,5502.0,4474.0,3263.0,1739.0,383.0
0,Delaware,Non-Hispanic Native Hawaiian or Other Pacific Islander,5.0,30.0,50.0,43.0,68.0,50.0,42.0,53.0,37.0,3.0,9.0
0,Delaware,Non-Hispanic More than one race,559.0,2334.0,6977.0,5490.0,3354.0,2141.0,1625.0,1340.0,841.0,380.0,103.0
0,District of Columbia,Hispanic or Latino,1538.0,6277.0,13234.0,10608.0,18356.0,15303.0,9723.0,6707.0,3581.0,1537.0,478.0
0,District of Columbia,Non-Hispanic White,3845.0,10281.0,15813.0,32826.0,86306.0,55733.0,28960.0,23022.0,18972.0,10073.0,4104.0
0,District of Columbia,Non-Hispanic Black,3263.0,16528.0,42262.0,42411.0,58021.0,42828.0,38481.0,44383.0,31803.0,15861.0,7252.0
0,District of Columbia,Non-Hispanic American Indian or Alaska Native,15.0,60.0,112.0,169.0,366.0,218.0,161.0,195.0,123.0,84.0,42.0
0,District of Columbia,Non-Hispanic Asian,409.0,892.0,1642.0,4537.0,10549.0,7383.0,3654.0,2060.0,1464.0,667.0,274.0
0,District of Columbia,Non-Hispanic Native Hawaiian or Other Pacific Islander,6.0,22.0,36.0,46.0,100.0,60.0,33.0,32.0,22.0,14.0,3.0
0,District of Columbia,Non-Hispanic More than one race,476.0,1756.0,3056.0,2682.0,4103.0,2516.0,1345.0,1010.0,654.0,227.0,89.0
0,Florida,Hispanic or Latino,73434.0,300948.0,836444.0,830676.0,903691.0,938228.0,872489.0,684526.0,435736.0,253204.0,89587.0
0,Florida,Non-Hispanic White,91112.0,373093.0,1069856.0,1172719.0,1406326.0,1296812.0,1506869.0,1964336.0,1937515.0,1226105.0,440447.0
0,Florida,Non-Hispanic Black,41929.0,182946.0,522775.0,534414.0,583442.0,484989.0,443869.0,422282.0,276957.0,127989.0,39906.0
0,Florida,Non-Hispanic American Indian or Alaska Native,556.0,1508.0,5437.0,6717.0,8132.0,6963.0,8070.0,9918.0,7617.0,3351.0,906.0
0,Florida,Non-Hispanic Asian,5370.0,20578.0,68773.0,80322.0,103320.0,107510.0,100156.0,81903.0,63593.0,30346.0,8185.0
0,Florida,Non-Hispanic Native Hawaiian or Other Pacific Islander,179.0,633.0,1660.0,1841.0,2370.0,2480.0,2112.0,1906.0,1362.0,520.0,135.0
0,Florida,Non-Hispanic More than one race,8883.0,38573.0,100201.0,75793.0,54715.0,36867.0,30133.0,27030.0,18281.0,8028.0,2288.0
0,Georgia,Hispanic or Latino,20217.0,82505.0,235190.0,198833.0,171818.0,179106.0,138707.0,76899.0,34001.0,13415.0,4386.0
0,Georgia,Non-Hispanic White,53437.0,226845.0,665902.0,733861.0,775917.0,734858.0,822487.0,869408.0,693169.0,365428.0,111227.0
0,Georgia,Non-Hispanic Black,43552.0,175150.0,520826.0,549506.0,574762.0,498700.0,479761.0,434773.0,271827.0,108815.0,30656.0
0,Georgia,Non-Hispanic American Indian or Alaska Native,288.0,858.0,2906.0,3534.0,3938.0,3166.0,3415.0,4138.0,2864.0,1257.0,386.0
0,Georgia,Non-Hispanic Asian,4306.0,20554.0,62370.0,64853.0,82071.0,87979.0,74771.0,52232.0,32880.0,14339.0,3381.0
0,Georgia,Non-Hispanic Native Hawaiian or Other Pacific Islander,91.0,441.0,1044.0,1114.0,1181.0,1165.0,926.0,739.0,434.0,157.0,25.0
0,Georgia,Non-Hispanic More than one race,5250.0,23072.0,60396.0,43300.0,29517.0,19631.0,15481.0,11845.0,7683.0,3430.0,1008.0
0,Hawaii,Hispanic or Latino,2934.0,14185.0,35186.0,26785.0,28417.0,22632.0,14766.0,11421.0,6509.0,2552.0,518.0
0,Hawaii,Non-Hispanic White,2628.0,11572.0,26608.0,32376.0,49880.0,44996.0,37971.0,49128.0,51045.0,22521.0,7141.0
0,Hawaii,Non-Hispanic Black,356.0,1666.0,3293.0,4751.0,7620.0,4992.0,3299.0,2496.0,1441.0,493.0,150.0
0,Hawaii,Non-Hispanic American Indian or Alaska Native,37.0,107.0,260.0,453.0,636.0,496.0,349.0,421.0,375.0,118.0,51.0
0,Hawaii,Non-Hispanic Asian,3123.0,13674.0,43339.0,48937.0,64635.0,69911.0,78237.0,88007.0,79106.0,45720.0,28685.0
0,Hawaii,Non-Hispanic Native Hawaiian or Other Pacific Islander,1461.0,6360.0,20077.0,19731.0,23015.0,20634.0,17936.0,17010.0,11981.0,6052.0,2170.0
0,Hawaii,Non-Hispanic More than one race,6261.0,20855.0,56079.0,48772.0,44633.0,37651.0,31601.0,28288.0,19378.0,9015.0,2953.0
0,Idaho,Hispanic or Latino,4100.0,17808.0,52144.0,46755.0,40868.0,34298.0,25673.0,17583.0,9041.0,3520.0,949.0
0,Idaho,Non-Hispanic White,16148.0,69284.0,208356.0,202828.0,201752.0,202421.0,186071.0,210995.0,181394.0,91332.0,27935.0
0,Idaho,Non-Hispanic Black,179.0,962.0,2608.0,2822.0,2801.0,2068.0,1457.0,1213.0,611.0,151.0,34.0
0,Idaho,Non-Hispanic American Indian or Alaska Native,266.0,1168.0,3099.0,2931.0,3185.0,2761.0,2596.0,2698.0,1897.0,829.0,229.0
0,Idaho,Non-Hispanic Asian,306.0,1031.0,3036.0,4016.0,5135.0,4575.0,3753.0,3104.0,2152.0,807.0,376.0
0,Idaho,Non-Hispanic Native Hawaiian or Other Pacific Islander,54.0,168.0,479.0,600.0,667.0,571.0,391.0,303.0,181.0,60.0,15.0
0,Idaho,Non-Hispanic More than one race,1053.0,3673.0,9712.0,8047.0,5757.0,3909.0,3007.0,2606.0,1894.0,845.0,236.0
0,Illinois,Hispanic or Latino,34271.0,144850.0,437050.0,424256.0,374362.0,362587.0,301378.0,198184.0,106703.0,44882.0,15150.0
0,Illinois,Non-Hispanic White,75004.0,309268.0,877238.0,956169.0,1075898.0,1047033.0,1086514.0,1285514.0,985289.0,521652.0,214395.0
0,Illinois,Non-Hispanic Black,21689.0,93996.0,261157.0,281393.0,305335.0,242681.0,240742.0,242698.0,161223.0,79175.0,26696.0
0,Illinois,Non-Hispanic American Indian or Alaska Native,211.0,712.0,2351.0,2669.0,3161.0,2684.0,2809.0,3203.0,2055.0,944.0,352.0
0,Illinois,Non-Hispanic Asian,7133.0,30914.0,90385.0,101663.0,137905.0,134966.0,109174.0,84170.0,66262.0,32313.0,9068.0
0,Illinois,Non-Hispanic Native Hawaiian or Other Pacific Islander,39.0,238.0,527.0,528.0,705.0,630.0,505.0,478.0,276.0,136.0,26.0
0,Illinois,Non-Hispanic More than one race,5376.0,23233.0,61627.0,49266.0,32968.0,20711.0,15069.0,12186.0,7676.0,3440.0,1282.0
0,Indiana,Hispanic or Latino,8748.0,38145.0,112912.0,100459.0,78862.0,78820.0,57939.0,35042.0,18052.0,7025.0,2768.0
0,Indiana,Non-Hispanic White,57004.0,236143.0,676378.0,737995.0,733266.0,699553.0,731638.0,825230.0,636722.0,328024.0,119274.0
0,Indiana,Non-Hispanic Black,8802.0,39149.0,109173.0,109592.0,113475.0,91812.0,82182.0,78160.0,48620.0,21273.0,7120.0
0,Indiana,Non-Hispanic American Indian or Alaska Native,195.0,570.0,1801.0,2109.0,2430.0,2043.0,2247.0,2898.0,1848.0,808.0,255.0
0,Indiana,Non-Hispanic Asian,1865.0,8441.0,24246.0,37620.0,34593.0,31257.0,22287.0,14409.0,8731.0,3445.0,916.0
0,Indiana,Non-Hispanic Native Hawaiian or Other Pacific Islander,36.0,194.0,427.0,398.0,459.0,452.0,339.0,269.0,183.0,60.0,10.0
0,Indiana,Non-Hispanic More than one race,3706.0,15342.0,40876.0,31949.0,18576.0,10615.0,7544.0,6344.0,4129.0,1937.0,726.0
0,Iowa,Hispanic or Latino,4097.0,17039.0,47130.0,41949.0,33952.0,29827.0,21759.0,13218.0,6247.0,2291.0,950.0
0,Iowa,Non-Hispanic White,28867.0,119150.0,345016.0,377335.0,352256.0,355740.0,348089.0,421305.0,333788.0,177440.0,76376.0
0,Iowa,Non-Hispanic Black,1839.0,9756.0,24508.0,23913.0,24767.0,18507.0,13294.0,10184.0,5359.0,2015.0,595.0
0,Iowa,Non-Hispanic American Indian or Alaska Native,128.0,699.0,1629.0,1659.0,1662.0,1341.0,1274.0,1172.0,733.0,270.0,80.0
0,Iowa,Non-Hispanic Asian,1008.0,4277.0,11501.0,17763.0,18461.0,15038.0,10578.0,6576.0,3701.0,1571.0,446.0
0,Iowa,Non-Hispanic Native Hawaiian or Other Pacific Islander,60.0,274.0,884.0,764.0,925.0,874.0,377.0,207.0,120.0,49.0,9.0
0,Iowa,Non-Hispanic More than one race,1541.0,6901.0,18337.0,14254.0,7806.0,4318.0,2957.0,2251.0,1395.0,622.0,218.0
0,Kansas,Hispanic or Latino,6515.0,27790.0,81969.0,75114.0,59769.0,53281.0,40284.0,26192.0,13214.0,5439.0,1912.0
0,Kansas,Non-Hispanic White,22996.0,99657.0,287662.0,307119.0,297220.0,296181.0,279354.0,342703.0,271363.0,140965.0,60676.0
0,Kansas,Non-Hispanic Black,2225.0,9608.0,26993.0,29172.0,30124.0,23939.0,20294.0,21303.0,12734.0,5617.0,1835.0
0,Kansas,Non-Hispanic American Indian or Alaska Native,302.0,995.0,3036.0,4381.0,4121.0,3277.0,3206.0,3297.0,1977.0,797.0,127.0
0,Kansas,Non-Hispanic Asian,1034.0,4066.0,11824.0,17049.0,20281.0,15514.0,12674.0,8447.0,5548.0,2462.0,716.0
0,Kansas,Non-Hispanic Native Hawaiian or Other Pacific Islander,42.0,165.0,511.0,506.0,588.0,498.0,338.0,246.0,131.0,48.0,15.0
0,Kansas,Non-Hispanic More than one race,2211.0,7725.0,22630.0,19151.0,11574.0,7113.0,4858.0,4402.0,2615.0,1207.0,397.0
0,Kentucky,Hispanic or Latino,3770.0,15559.0,40782.0,32906.0,30257.0,28235.0,20180.0,11905.0,5354.0,2273.0,1089.0
0,Kentucky,Non-Hispanic White,41414.0,169238.0,479052.0,509632.0,527874.0,505093.0,533678.0,585209.0,459621.0,233764.0,75365.0
0,Kentucky,Non-Hispanic Black,4761.0,20124.0,57310.0,65207.0,62481.0,50933.0,46981.0,48561.0,30648.0,12413.0,4220.0
0,Kentucky,Non-Hispanic American Indian or Alaska Native,88.0,355.0,966.0,1156.0,1531.0,1139.0,1361.0,1749.0,1270.0,522.0,172.0
0,Kentucky,Non-Hispanic Asian,775.0,3714.0,10755.0,11385.0,13427.0,13487.0,10200.0,6694.0,4119.0,1872.0,444.0
0,Kentucky,Non-Hispanic Native Hawaiian or Other Pacific Islander,41.0,177.0,534.0,595.0,689.0,560.0,308.0,259.0,135.0,40.0,8.0
0,Kentucky,Non-Hispanic More than one race,2305.0,10289.0,26694.0,19832.0,11382.0,6555.0,4837.0,4591.0,3101.0,1697.0,570.0
0,Louisiana,Hispanic or Latino,5222.0,21880.0,48294.0,36610.0,43167.0,42544.0,29229.0,22069.0,13422.0,6826.0,2560.0
0,Louisiana,Non-Hispanic White,29434.0,121619.0,339677.0,341524.0,393112.0,377009.0,368061.0,426909.0,339182.0,178371.0,60130.0
0,Louisiana,Non-Hispanic Black,20242.0,85261.0,244318.0,247812.0,254395.0,209969.0,182001.0,196279.0,133987.0,56767.0,17502.0
0,Louisiana,Non-Hispanic American Indian or Alaska Native,413.0,1385.0,4169.0,4742.0,5098.0,4185.0,4124.0,4236.0,3019.0,1330.0,480.0
0,Louisiana,Non-Hispanic Asian,791.0,3452.0,10783.0,12528.0,15108.0,14473.0,12313.0,10076.0,6827.0,2748.0,860.0
0,Louisiana,Non-Hispanic Native Hawaiian or Other Pacific Islander,30.0,104.0,232.0,287.0,380.0,315.0,269.0,213.0,135.0,56.0,8.0
0,Louisiana,Non-Hispanic More than one race,1878.0,9758.0,22116.0,14112.0,9432.0,6437.0,4815.0,4742.0,3458.0,1732.0,517.0
0,Maine,Hispanic or Latino,273.0,1516.0,4644.0,4592.0,4514.0,3888.0,2623.0,2080.0,1103.0,560.0,237.0
0,Maine,Non-Hispanic White,10688.0,44983.0,134824.0,148274.0,161577.0,156590.0,178832.0,222079.0,184063.0,91566.0,33072.0
0,Maine,Non-Hispanic Black,274.0,1737.0,4630.0,4734.0,3957.0,3125.0,2492.0,1611.0,776.0,353.0,88.0
0,Maine,Non-Hispanic American Indian or Alaska Native,106.0,565.0,1272.0,1279.0,1409.0,1201.0,1297.0,1460.0,900.0,364.0,68.0
0,Maine,Non-Hispanic Asian,154.0,507.0,1951.0,3264.0,2993.0,3180.0,2576.0,1924.0,1292.0,614.0,197.0
0,Maine,Non-Hispanic Native Hawaiian or Other Pacific Islander,2.0,24.0,69.0,56.0,52.0,56.0,49.0,46.0,39.0,14.0,6.0
0,Maine,Non-Hispanic More than one race,538.0,2170.0,6042.0,4861.0,3246.0,2299.0,1971.0,1927.0,1335.0,650.0,132.0
0,Maryland,Hispanic or Latino,13670.0,55249.0,134878.0,104560.0,104696.0,117492.0,86201.0,53088.0,24937.0,10071.0,3754.0
0,Maryland,Non-Hispanic White,27966.0,117088.0,336678.0,373497.0,417859.0,394713.0,431508.0,520781.0,396432.0,211329.0,85258.0
0,Maryland,Non-Hispanic Black,20928.0,86518.0,253225.0,261417.0,294933.0,263288.0,271324.0,265957.0,168784.0,75661.0,23666.0
0,Maryland,Non-Hispanic American Indian or Alaska Native,152.0,606.0,1804.0,1931.0,2232.0,1998.0,2176.0,2561.0,1703.0,759.0,278.0
0,Maryland,Non-Hispanic Asian,3609.0,16343.0,51332.0,51073.0,63924.0,72389.0,65538.0,53045.0,36420.0,18503.0,5615.0
0,Maryland,Non-Hispanic Native Hawaiian or Other Pacific Islander,42.0,178.0,395.0,351.0,485.0,526.0,497.0,444.0,243.0,105.0,37.0
0,Maryland,Non-Hispanic More than one race,3559.0,16029.0,43863.0,33438.0,21886.0,15479.0,11766.0,9485.0,5482.0,2474.0,785.0
0,Massachusetts,Hispanic or Latino,16001.0,60370.0,157538.0,161459.0,163857.0,137498.0,106326.0,73652.0,39738.0,17542.0,5593.0
0,Massachusetts,Non-Hispanic White,41407.0,165245.0,495462.0,654154.0,704553.0,621971.0,713526.0,842681.0,643862.0,332060.0,141973.0
0,Massachusetts,Non-Hispanic Black,5571.0,26503.0,74608.0,83385.0,92944.0,76843.0,70638.0,64237.0,37707.0,17389.0,5998.0
0,Massachusetts,Non-Hispanic American Indian or Alaska Native,127.0,520.0,1530.0,1856.0,2160.0,1586.0,1706.0,2004.0,1243.0,592.0,254.0
0,Massachusetts,Non-Hispanic Asian,4837.0,20441.0,59435.0,81489.0,104972.0,91929.0,71592.0,50921.0,31780.0,15248.0,5068.0
0,Massachusetts,Non-Hispanic Native Hawaiian or Other Pacific Islander,42.0,179.0,387.0,434.0,623.0,483.0,387.0,352.0,242.0,121.0,31.0
0,Massachusetts,Non-Hispanic More than one race,2806.0,13313.0,34614.0,30627.0,21719.0,13426.0,10052.0,7900.0,4475.0,1822.0,606.0
0,Michigan,Hispanic or Latino,8526.0,38020.0,114846.0,110617.0,89301.0,78832.0,61914.0,42018.0,23610.0,9911.0,3446.0
0,Michigan,Non-Hispanic White,72027.0,301688.0,872783.0,998334.0,1012651.0,944828.0,1041731.0,1256403.0,982946.0,503773.0,184187.0
0,Michigan,Non-Hispanic Black,18114.0,77933.0,210077.0,217273.0,236354.0,176202.0,188541.0,179385.0,126871.0,55629.0,20812.0
0,Michigan,Non-Hispanic American Indian or Alaska Native,666.0,2724.0,7792.0,9127.0,9003.0,7567.0,8243.0,8960.0,5911.0,2265.0,564.0
0,Michigan,Non-Hispanic Asian,3460.0,14554.0,43538.0,59908.0,65329.0,59164.0,50337.0,33681.0,21441.0,10806.0,2839.0
0,Michigan,Non-Hispanic Native Hawaiian or Other Pacific Islander,36.0,186.0,350.0,461.0,446.0,463.0,398.0,361.0,290.0,83.0,28.0
0,Michigan,Non-Hispanic More than one race,6189.0,22319.0,64212.0,55082.0,35638.0,20665.0,16603.0,14365.0,8829.0,4082.0,1260.0
0,Minnesota,Hispanic or Latino,5973.0,25590.0,73875.0,64372.0,55290.0,50949.0,36233.0,20642.0,9240.0,3505.0,1266.0
0,Minnesota,Non-Hispanic White,47926.0,191150.0,544334.0,567430.0,610399.0,620208.0,605754.0,740797.0,553689.0,284858.0,116883.0
0,Minnesota,Non-Hispanic Black,5549.0,31157.0,83823.0,66995.0,72414.0,60992.0,44946.0,32531.0,16158.0,6227.0,1669.0
0,Minnesota,Non-Hispanic American Indian or Alaska Native,862.0,4367.0,11953.0,10437.0,10083.0,8005.0,7061.0,7052.0,4220.0,1657.0,384.0
0,Minnesota,Non-Hispanic Asian,3559.0,17089.0,49531.0,49257.0,65945.0,51999.0,36095.0,22957.0,13421.0,5978.0,2000.0
0,Minnesota,Non-Hispanic Native Hawaiian or Other Pacific Islander,45.0,234.0,547.0,417.0,609.0,466.0,343.0,322.0,182.0,52.0,15.0
0,Minnesota,Non-Hispanic More than one race,3715.0,14406.0,41247.0,32083.0,20572.0,12523.0,7941.0,5904.0,3110.0,1173.0,393.0
0,Mississippi,Hispanic or Latino,1860.0,8419.0,22074.0,17364.0,17362.0,17949.0,11869.0,7238.0,3773.0,1714.0,717.0
0,Mississippi,Non-Hispanic White,16789.0,72682.0,212654.0,223249.0,224115.0,217198.0,231796.0,260782.0,217844.0,122142.0,38557.0
0,Mississippi,Non-Hispanic Black,15451.0,60181.0,180008.0,186870.0,179856.0,157380.0,144146.0,147786.0,98511.0,39743.0,12224.0
0,Mississippi,Non-Hispanic American Indian or Alaska Native,222.0,817.0,2654.0,2567.0,2509.0,2143.0,1858.0,1875.0,1179.0,539.0,159.0
0,Mississippi,Non-Hispanic Asian,291.0,1271.0,4260.0,5196.0,6092.0,5534.0,4860.0,4214.0,2517.0,1045.0,292.0
0,Mississippi,Non-Hispanic Native Hawaiian or Other Pacific Islander,12.0,43.0,148.0,182.0,188.0,169.0,130.0,120.0,85.0,37.0,17.0
0,Mississippi,Non-Hispanic More than one race,893.0,4547.0,11408.0,7865.0,4274.0,2890.0,2300.0,2357.0,1688.0,943.0,332.0
0,Missouri,Hispanic or Latino,4780.0,21153.0,60294.0,53168.0,46409.0,42103.0,30106.0,20263.0,10549.0,4654.0,1952.0
0,Missouri,Non-Hispanic White,51350.0,212102.0,609967.0,645265.0,683677.0,654180.0,649014.0,770577.0,599387.0,322237.0,120038.0
0,Missouri,Non-Hispanic Black,9360.0,41342.0,113453.0,115631.0,125195.0,97145.0,91106.0,92728.0,59316.0,27103.0,9140.0
0,Missouri,Non-Hispanic American Indian or Alaska Native,355.0,1330.0,3380.0,3846.0,4369.0,3483.0,3691.0,4436.0,3121.0,1280.0,379.0
0,Missouri,Non-Hispanic Asian,1493.0,5958.0,16675.0,23436.0,26428.0,23966.0,18960.0,13111.0,8613.0,4168.0,1106.0
0,Missouri,Non-Hispanic Native Hawaiian or Other Pacific Islander,120.0,478.0,1653.0,1547.0,1509.0,1467.0,1015.0,717.0,361.0,116.0,35.0
0,Missouri,Non-Hispanic More than one race,3554.0,14705.0,39800.0,29643.0,19531.0,12296.0,9174.0,8723.0,5789.0,2827.0,881.0
0,Montana,Hispanic or Latino,710.0,3943.0,9464.0,8371.0,8102.0,6342.0,4217.0,3404.0,2042.0,812.0,271.0
0,Montana,Non-Hispanic White,8999.0,37668.0,110315.0,119511.0,126073.0,123189.0,114166.0,148365.0,130679.0,63780.0,21824.0
0,Montana,Non-Hispanic Black,69.0,370.0,897.0,1289.0,1425.0,903.0,538.0,471.0,246.0,107.0,19.0
0,Montana,Non-Hispanic American Indian or Alaska Native,1035.0,4861.0,13896.0,11622.0,10646.0,8326.0,6962.0,7416.0,4518.0,1801.0,409.0
0,Montana,Non-Hispanic Asian,107.0,280.0,949.0,1972.0,2119.0,1577.0,1216.0,992.0,750.0,306.0,120.0
0,Montana,Non-Hispanic Native Hawaiian or Other Pacific Islander,8.0,29.0,98.0,121.0,148.0,156.0,94.0,75.0,58.0,41.0,6.0
0,Montana,Non-Hispanic More than one race,731.0,2346.0,6638.0,5801.0,4186.0,2886.0,2198.0,2289.0,1558.0,687.0,206.0
0,Nebraska,Hispanic or Latino,4941.0,20593.0,52814.0,44654.0,36541.0,32348.0,24392.0,15100.0,7188.0,2678.0,911.0
0,Nebraska,Non-Hispanic White,16940.0,69675.0,199564.0,211381.0,206880.0,207753.0,191781.0,232526.0,184241.0,95752.0,40829.0
0,Nebraska,Non-Hispanic Black,1315.0,6563.0,17740.0,16799.0,17492.0,14259.0,11241.0,10152.0,5665.0,2486.0,726.0
0,Nebraska,Non-Hispanic American Indian or Alaska Native,285.0,1313.0,3236.0,3070.0,2762.0,2173.0,1943.0,1722.0,1053.0,374.0,111.0
0,Nebraska,Non-Hispanic Asian,640.0,2980.0,7892.0,9609.0,12159.0,9229.0,6291.0,3935.0,2558.0,1104.0,349.0
0,Nebraska,Non-Hispanic Native Hawaiian or Other Pacific Islander,17.0,75.0,212.0,239.0,216.0,198.0,141.0,125.0,71.0,29.0,9.0
0,Nebraska,Non-Hispanic More than one race,1114.0,4429.0,12069.0,9208.0,5816.0,3376.0,2299.0,1714.0,905.0,391.0,123.0
0,Nevada,Hispanic or Latino,14433.0,61224.0,178237.0,165447.0,162968.0,143840.0,120489.0,80089.0,42196.0,17941.0,4931.0
0,Nevada,Non-Hispanic White,12407.0,51501.0,148152.0,142690.0,206470.0,204311.0,216625.0,256619.0,232429.0,122333.0,32436.0
0,Nevada,Non-Hispanic Black,3482.0,16705.0,45594.0,41151.0,55129.0,43296.0,38521.0,34454.0,23292.0,10791.0,2592.0
0,Nevada,Non-Hispanic American Indian or Alaska Native,319.0,1320.0,3374.0,3411.0,4647.0,3882.0,3669.0,4016.0,2763.0,1235.0,348.0
0,Nevada,Non-Hispanic Asian,1986.0,7069.0,23571.0,27254.0,41942.0,42983.0,42065.0,39485.0,33133.0,15726.0,3980.0
0,Nevada,Non-Hispanic Native Hawaiian or Other Pacific Islander,244.0,939.0,2814.0,2902.0,3805.0,3542.0,2790.0,2192.0,1665.0,686.0,120.0
0,Nevada,Non-Hispanic More than one race,2830.0,11116.0,29051.0,21407.0,19077.0,13097.0,9100.0,6842.0,4695.0,1849.0,409.0
0,New Hampshire,Hispanic or Latino,824.0,3662.0,10676.0,10595.0,10821.0,9162.0,6798.0,4378.0,2033.0,854.0,394.0
0,New Hampshire,Non-Hispanic White,10113.0,43209.0,131663.0,160897.0,162973.0,150981.0,180315.0,222291.0,165199.0,78548.0,29257.0
0,New Hampshire,Non-Hispanic Black,232.0,1089.0,3150.0,3746.0,3983.0,3148.0,2967.0,2222.0,1016.0,344.0,102.0
0,New Hampshire,Non-Hispanic American Indian or Alaska Native,29.0,113.0,274.0,433.0,440.0,382.0,437.0,532.0,383.0,132.0,47.0
0,New Hampshire,Non-Hispanic Asian,388.0,1609.0,5322.0,6534.0,8157.0,7666.0,6130.0,4054.0,2593.0,1132.0,258.0
0,New Hampshire,Non-Hispanic Native Hawaiian or Other Pacific Islander,6.0,27.0,45.0,53.0,75.0,61.0,63.0,71.0,35.0,7.0,1.0
0,New Hampshire,Non-Hispanic More than one race,460.0,1860.0,5670.0,5159.0,3083.0,2166.0,1876.0,1780.0,984.0,402.0,182.0
0,New Jersey,Hispanic or Latino,30785.0,124461.0,331238.0,296191.0,304396.0,312384.0,266915.0,198876.0,107935.0,51244.0,17538.0
0,New Jersey,Non-Hispanic White,43381.0,182234.0,540881.0,596426.0,604410.0,591605.0,715450.0,866715.0,653695.0,358265.0,157228.0
0,New Jersey,Non-Hispanic Black,13796.0,54451.0,159253.0,172272.0,189873.0,165136.0,174095.0,164585.0,98908.0,51141.0,16608.0
0,New Jersey,Non-Hispanic American Indian or Alaska Native,137.0,405.0,1782.0,1981.0,1946.0,1534.0,1789.0,1996.0,1365.0,742.0,339.0
0,New Jersey,Non-Hispanic Asian,8193.0,38669.0,116803.0,108385.0,143435.0,168402.0,142625.0,110036.0,73063.0,36495.0,10342.0
0,New Jersey,Non-Hispanic Native Hawaiian or Other Pacific Islander,47.0,255.0,457.0,415.0,497.0,605.0,455.0,387.0,223.0,107.0,42.0
0,New Jersey,Non-Hispanic More than one race,3120.0,14756.0,38767.0,30090.0,19307.0,14465.0,12195.0,10662.0,6174.0,2650.0,1007.0
0,New Mexico,Hispanic or Latino,13686.0,59657.0,179933.0,180666.0,163744.0,147770.0,126724.0,121930.0,84177.0,42375.0,13643.0
0,New Mexico,Non-Hispanic White,5669.0,23343.0,70179.0,77563.0,95562.0,92474.0,95873.0,140776.0,143151.0,75134.0,24469.0
0,New Mexico,Non-Hispanic Black,390.0,1763.0,5342.0,6150.0,7308.0,5918.0,5038.0,5622.0,3776.0,1620.0,499.0
0,New Mexico,Non-Hispanic American Indian or Alaska Native,2228.0,9441.0,31260.0,30532.0,33914.0,26960.0,23213.0,22705.0,14460.0,6882.0,2039.0
0,New Mexico,Non-Hispanic Asian,271.0,1060.0,3392.0,4309.0,6199.0,5781.0,5467.0,4242.0,3302.0,1471.0,461.0
0,New Mexico,Non-Hispanic Native Hawaiian or Other Pacific Islander,16.0,61.0,149.0,210.0,223.0,204.0,166.0,223.0,152.0,56.0,11.0
0,New Mexico,Non-Hispanic More than one race,754.0,2647.0,7672.0,6872.0,5379.0,3608.0,2685.0,2776.0,2038.0,847.0,287.0
0,New York,Hispanic or Latino,58626.0,234724.0,616108.0,593167.0,667530.0,593635.0,517373.0,415687.0,252568.0,128925.0,44602.0
0,New York,Non-Hispanic White,102049.0,421304.0,1167724.0,1357078.0,1579943.0,1378225.0,1491106.0,1772226.0,1404014.0,761628.0,336433.0
0,New York,Non-Hispanic Black,36915.0,130317.0,364093.0,410032.0,496250.0,395412.0,400559.0,409492.0,259248.0,137324.0,49091.0
0,New York,Non-Hispanic American Indian or Alaska Native,677.0,2098.0,7249.0,9247.0,9657.0,7280.0,8092.0,8585.0,5499.0,2735.0,1066.0
0,New York,Non-Hispanic Asian,16468.0,75591.0,196183.0,227064.0,325279.0,288440.0,256651.0,235624.0,160514.0,74425.0,26229.0
0,New York,Non-Hispanic Native Hawaiian or Other Pacific Islander,129.0,574.0,1139.0,1256.0,1726.0,1410.0,1354.0,1212.0,628.0,300.0,147.0
0,New York,Non-Hispanic More than one race,9066.0,38463.0,93437.0,70771.0,58547.0,38058.0,30015.0,26287.0,15555.0,6968.0,2433.0
0,North Carolina,Hispanic or Latino,21296.0,87906.0,242850.0,203884.0,161025.0,168677.0,127945.0,69665.0,30268.0,11585.0,3850.0
0,North Carolina,Non-Hispanic White,60353.0,248384.0,726915.0,845557.0,911586.0,855140.0,968628.0,1058998.0,887563.0,470676.0,152689.0
0,North Carolina,Non-Hispanic Black,27140.0,108403.0,320984.0,355856.0,369165.0,309387.0,315749.0,312889.0,215964.0,92155.0,28536.0
0,North Carolina,Non-Hispanic American Indian or Alaska Native,1403.0,5897.0,16748.0,17931.0,18546.0,16224.0,16748.0,16426.0,12245.0,5198.0,1241.0
0,North Carolina,Non-Hispanic Asian,3278.0,16484.0,47689.0,46735.0,63182.0,66651.0,49480.0,31066.0,19795.0,8734.0,2179.0
0,North Carolina,Non-Hispanic Native Hawaiian or Other Pacific Islander,91.0,423.0,1134.0,1176.0,1329.0,1375.0,842.0,704.0,387.0,149.0,67.0
0,North Carolina,Non-Hispanic More than one race,5330.0,23382.0,62829.0,48706.0,30361.0,19592.0,14498.0,12026.0,7372.0,3283.0,832.0
0,North Dakota,Hispanic or Latino,703.0,3640.0,7408.0,6255.0,7146.0,4635.0,2640.0,1595.0,618.0,197.0,100.0
0,North Dakota,Non-Hispanic White,7892.0,31593.0,83243.0,94437.0,99517.0,85761.0,74608.0,93968.0,71622.0,37434.0,18388.0
0,North Dakota,Non-Hispanic Black,471.0,2352.0,4680.0,4452.0,6914.0,4247.0,2285.0,1400.0,474.0,102.0,20.0
0,North Dakota,Non-Hispanic American Indian or Alaska Native,711.0,3116.0,8753.0,7525.0,6772.0,5046.0,4218.0,3866.0,2050.0,821.0,193.0
0,North Dakota,Non-Hispanic Asian,188.0,798.0,1623.0,2426.0,3516.0,2240.0,1521.0,804.0,512.0,207.0,47.0
0,North Dakota,Non-Hispanic Native Hawaiian or Other Pacific Islander,10.0,55.0,79.0,82.0,137.0,90.0,39.0,27.0,37.0,12.0,2.0
0,North Dakota,Non-Hispanic More than one race,508.0,2064.0,4742.0,3634.0,2773.0,1471.0,901.0,750.0,391.0,176.0,63.0
0,Ohio,Hispanic or Latino,8768.0,37942.0,104282.0,90725.0,82049.0,73705.0,52220.0,36128.0,20060.0,8591.0,3394.0
0,Ohio,Non-Hispanic White,94642.0,387938.0,1114729.0,1216687.0,1268741.0,1194932.0,1281208.0,1484730.0,1163460.0,599908.0,227247.0
0,Ohio,Non-Hispanic Black,19332.0,87403.0,242557.0,235987.0,253875.0,196890.0,187896.0,192753.0,127681.0,58957.0,21581.0
0,Ohio,Non-Hispanic American Indian or Alaska Native,270.0,1013.0,2555.0,2694.0,3398.0,2847.0,3431.0,4299.0,2941.0,1236.0,440.0
0,Ohio,Non-Hispanic Asian,3339.0,14496.0,39171.0,45589.0,59989.0,54899.0,40659.0,28305.0,18703.0,8667.0,2484.0
0,Ohio,Non-Hispanic Native Hawaiian or Other Pacific Islander,67.0,305.0,840.0,810.0,838.0,856.0,641.0,516.0,333.0,132.0,19.0
0,Ohio,Non-Hispanic More than one race,7069.0,28244.0,78226.0,61826.0,38223.0,22042.0,16210.0,13486.0,8459.0,3601.0,1107.0
0,Oklahoma,Hispanic or Latino,8066.0,38751.0,106038.0,88881.0,75934.0,65924.0,46803.0,30513.0,14346.0,5626.0,1753.0
0,Oklahoma,Non-Hispanic White,25038.0,107843.0,312177.0,327403.0,360694.0,354381.0,343309.0,405272.0,331927.0,184744.0,64193.0
0,Oklahoma,Non-Hispanic Black,3807.0,16693.0,46150.0,51115.0,52696.0,41863.0,36211.0,37115.0,23644.0,10084.0,3015.0
0,Oklahoma,Non-Hispanic American Indian or Alaska Native,4277.0,19322.0,56692.0,60735.0,54537.0,46752.0,40470.0,39682.0,26394.0,11680.0,2797.0
0,Oklahoma,Non-Hispanic Asian,939.0,4181.0,12113.0,16589.0,18646.0,15824.0,12732.0,10079.0,6385.0,2490.0,739.0
0,Oklahoma,Non-Hispanic Native Hawaiian or Other Pacific Islander,114.0,453.0,1389.0,1309.0,1602.0,1215.0,920.0,518.0,251.0,88.0,30.0
0,Oklahoma,Non-Hispanic More than one race,6201.0,19848.0,56744.0,46880.0,34270.0,25303.0,19373.0,18102.0,11685.0,5687.0,1636.0
0,Oregon,Hispanic or Latino,9476.0,41233.0,121454.0,114563.0,106288.0,90148.0,68175.0,41516.0,20968.0,7725.0,2457.0
0,Oregon,Non-Hispanic White,27226.0,116228.0,341140.0,361212.0,460130.0,461391.0,431639.0,496806.0,463615.0,227521.0,77637.0
0,Oregon,Non-Hispanic Black,823.0,4721.0,13110.0,12788.0,16657.0,13660.0,10732.0,9623.0,5840.0,2370.0,660.0
0,Oregon,Non-Hispanic American Indian or Alaska Native,519.0,2262.0,6422.0,6951.0,8196.0,6862.0,6473.0,6692.0,4852.0,1956.0,461.0
0,Oregon,Non-Hispanic Asian,1704.0,7234.0,21712.0,30160.0,40245.0,36531.0,31581.0,23215.0,16000.0,7237.0,2539.0
0,Oregon,Non-Hispanic Native Hawaiian or Other Pacific Islander,219.0,766.0,2517.0,2988.0,3684.0,3264.0,2391.0,1559.0,1048.0,330.0,78.0
0,Oregon,Non-Hispanic More than one race,3345.0,12055.0,33046.0,30659.0,24550.0,17301.0,12102.0,10116.0,6997.0,2789.0,706.0
0,Pennsylvania,Hispanic or Latino,18617.0,76620.0,208484.0,190157.0,182381.0,157904.0,117881.0,81535.0,42906.0,18189.0,5699.0
0,Pennsylvania,Non-Hispanic White,89144.0,365266.0,1063580.0,1208399.0,1304492.0,1222967.0,1359815.0,1652364.0,1321293.0,708079.0,299929.0
0,Pennsylvania,Non-Hispanic Black,16522.0,74661.0,213936.0,227045.0,251232.0,187583.0,182607.0,181643.0,117533.0,55263.0,20768.0
0,Pennsylvania,Non-Hispanic American Indian or Alaska Native,197.0,963.0,2379.0,2540.0,2969.0,2353.0,2545.0,3117.0,2179.0,998.0,398.0
0,Pennsylvania,Non-Hispanic Asian,4778.0,21493.0,62887.0,74825.0,93293.0,86636.0,69032.0,50843.0,33849.0,15718.0,4303.0
0,Pennsylvania,Non-Hispanic Native Hawaiian or Other Pacific Islander,52.0,254.0,586.0,664.0,745.0,632.0,565.0,501.0,286.0,83.0,22.0
0,Pennsylvania,Non-Hispanic More than one race,5402.0,23955.0,67788.0,51222.0,33945.0,20175.0,15072.0,11977.0,7429.0,3228.0,993.0
0,Rhode Island,Hispanic or Latino,3092.0,12674.0,32883.0,33515.0,32575.0,26379.0,21772.0,14938.0,7702.0,3243.0,1159.0
0,Rhode Island,Non-Hispanic White,5826.0,23788.0,70242.0,99699.0,103870.0,93073.0,109440.0,136056.0,104609.0,54211.0,25002.0
0,Rhode Island,Non-Hispanic Black,682.0,3295.0,9634.0,11699.0,12157.0,9860.0,8678.0,8041.0,4393.0,1933.0,809.0
0,Rhode Island,Non-Hispanic American Indian or Alaska Native,43.0,230.0,731.0,745.0,780.0,611.0,600.0,644.0,369.0,212.0,67.0
0,Rhode Island,Non-Hispanic Asian,382.0,1824.0,4384.0,7154.0,9063.0,6718.0,4706.0,3767.0,2281.0,1040.0,333.0
0,Rhode Island,Non-Hispanic Native Hawaiian or Other Pacific Islander,8.0,44.0,88.0,115.0,120.0,116.0,80.0,94.0,37.0,22.0,7.0
0,Rhode Island,Non-Hispanic More than one race,485.0,2148.0,6037.0,5737.0,3853.0,2245.0,1731.0,1434.0,801.0,302.0,135.0
0,South Carolina,Hispanic or Latino,6038.0,25155.0,68739.0,56371.0,50930.0,52707.0,38155.0,22716.0,11734.0,4541.0,1362.0
0,South Carolina,Non-Hispanic White,30175.0,128676.0,374982.0,410816.0,446379.0,419948.0,459174.0,524274.0,474058.0,247680.0,71285.0
0,South Carolina,Non-Hispanic Black,16581.0,66818.0,204594.0,213299.0,219496.0,184214.0,180398.0,191570.0,138844.0,59094.0,17302.0
0,South Carolina,Non-Hispanic American Indian or Alaska Native,207.0,770.0,2282.0,2689.0,2946.0,2488.0,2776.0,3130.0,2212.0,1028.0,226.0
0,South Carolina,Non-Hispanic Asian,841.0,3821.0,12029.0,14429.0,16305.0,17265.0,14288.0,10284.0,7154.0,3246.0,784.0
0,South Carolina,Non-Hispanic Native Hawaiian or Other Pacific Islander,40.0,170.0,474.0,647.0,622.0,531.0,394.0,280.0,191.0,63.0,11.0
0,South Carolina,Non-Hispanic More than one race,2240.0,10932.0,28662.0,20616.0,12438.0,7601.0,5775.0,5365.0,3602.0,1623.0,440.0
0,South Dakota,Hispanic or Latino,765.0,4357.0,9638.0,6893.0,6604.0,5467.0,3552.0,2283.0,1122.0,345.0,144.0
0,South Dakota,Non-Hispanic White,8535.0,33820.0,95079.0,96972.0,96753.0,95076.0,88213.0,115436.0,93897.0,44968.0,20226.0
0,South Dakota,Non-Hispanic Black,351.0,1468.0,4180.0,3118.0,4753.0,3541.0,1947.0,1253.0,638.0,122.0,34.0
0,South Dakota,Non-Hispanic American Indian or Alaska Native,1467.0,6467.0,16937.0,14374.0,12257.0,9286.0,7513.0,6674.0,3924.0,1546.0,396.0
0,South Dakota,Non-Hispanic Asian,217.0,744.0,1942.0,2672.0,3182.0,2190.0,1755.0,1241.0,584.0,163.0,58.0
0,South Dakota,Non-Hispanic Native Hawaiian or Other Pacific Islander,5.0,83.0,80.0,85.0,115.0,78.0,36.0,42.0,48.0,7.0,2.0
0,South Dakota,Non-Hispanic More than one race,645.0,2243.0,6204.0,4443.0,2859.0,1742.0,1186.0,1039.0,569.0,266.0,125.0
0,Tennessee,Hispanic or Latino,8844.0,36433.0,96275.0,72196.0,65963.0,64542.0,44141.0,24564.0,11660.0,4617.0,1671.0
0,Tennessee,Non-Hispanic White,50985.0,208353.0,597799.0,647449.0,727894.0,672029.0,726038.0,785661.0,639551.0,339673.0,106120.0
0,Tennessee,Non-Hispanic Black,15238.0,62090.0,176947.0,185593.0,202952.0,160289.0,152306.0,150875.0,96945.0,37984.0,11853.0
0,Tennessee,Non-Hispanic American Indian or Alaska Native,215.0,709.0,1973.0,2727.0,2957.0,2400.0,2866.0,3726.0,2540.0,1124.0,371.0
0,Tennessee,Non-Hispanic Asian,1274.0,6261.0,17555.0,19249.0,25749.0,25569.0,20259.0,13647.0,8951.0,3797.0,975.0
0,Tennessee,Non-Hispanic Native Hawaiian or Other Pacific Islander,47.0,235.0,597.0,603.0,746.0,689.0,486.0,403.0,264.0,85.0,24.0
0,Tennessee,Non-Hispanic More than one race,3172.0,14749.0,37056.0,27032.0,17625.0,10771.0,8238.0,7853.0,5537.0,2637.0,755.0
0,Texas,Hispanic or Latino,190023.0,800411.0,2271264.0,2129299.0,1962726.0,1783579.0,1480343.0,1073276.0,623301.0,278597.0,88504.0
0,Texas,Non-Hispanic White,115005.0,501461.0,1430496.0,1480699.0,1729904.0,1677331.0,1674507.0,1901737.0,1512390.0,797839.0,271851.0
0,Texas,Non-Hispanic Black,45822.0,188102.0,540267.0,562053.0,635811.0,550762.0,486885.0,439089.0,262859.0,104115.0,31833.0
0,Texas,Non-Hispanic American Indian or Alaska Native,1089.0,3571.0,10961.0,13437.0,15785.0,13211.0,13341.0,15256.0,10473.0,4674.0,1515.0
0,Texas,Non-Hispanic Asian,14257.0,68089.0,201821.0,195810.0,271812.0,286771.0,234344.0,161161.0,109989.0,48241.0,12202.0
0,Texas,Non-Hispanic Native Hawaiian or Other Pacific Islander,367.0,1527.0,4145.0,4065.0,4982.0,4725.0,3503.0,2713.0,1677.0,600.0,131.0
0,Texas,Non-Hispanic More than one race,11243.0,49924.0,125754.0,89229.0,68883.0,48651.0,34665.0,28267.0,18128.0,7903.0,2423.0
0,Utah,Hispanic or Latino,9162.0,37757.0,104034.0,95141.0,81237.0,69622.0,53343.0,33296.0,16386.0,6693.0,1985.0
0,Utah,Non-Hispanic White,34286.0,143411.0,425554.0,425286.0,393474.0,381808.0,288282.0,279618.0,219826.0,112019.0,35219.0
0,Utah,Non-Hispanic Black,532.0,2503.0,7460.0,7714.0,8565.0,5596.0,3988.0,3195.0,1491.0,517.0,126.0
0,Utah,Non-Hispanic American Indian or Alaska Native,505.0,2033.0,5189.0,5354.0,6017.0,4445.0,3668.0,3455.0,1746.0,725.0,212.0
0,Utah,Non-Hispanic Asian,1177.0,3588.0,9505.0,14548.0,18864.0,14747.0,11050.0,8252.0,5282.0,2174.0,780.0
0,Utah,Non-Hispanic Native Hawaiian or Other Pacific Islander,549.0,2141.0,5964.0,6153.0,6585.0,4992.0,3208.0,2717.0,1570.0,519.0,102.0
0,Utah,Non-Hispanic More than one race,2355.0,7804.0,20494.0,17461.0,12135.0,6747.0,3729.0,2546.0,1477.0,588.0,150.0
0,Vermont,Hispanic or Latino,155.0,734.0,2020.0,2931.0,2523.0,2057.0,1343.0,1085.0,669.0,231.0,171.0
0,Vermont,Non-Hispanic White,4944.0,20687.0,62533.0,82552.0,73966.0,72080.0,79562.0,99739.0,81789.0,39722.0,13988.0
0,Vermont,Non-Hispanic Black,89.0,494.0,1287.0,2091.0,1512.0,1164.0,1000.0,756.0,381.0,92.0,55.0
0,Vermont,Non-Hispanic American Indian or Alaska Native,22.0,69.0,186.0,237.0,274.0,260.0,357.0,408.0,295.0,108.0,41.0
0,Vermont,Non-Hispanic Asian,122.0,505.0,1395.0,2931.0,2306.0,1832.0,1694.0,1110.0,694.0,259.0,71.0
0,Vermont,Non-Hispanic Native Hawaiian or Other Pacific Islander,0.0,14.0,28.0,36.0,24.0,30.0,29.0,26.0,22.0,11.0,0.0
0,Vermont,Non-Hispanic More than one race,247.0,961.0,2756.0,2573.0,1592.0,1144.0,985.0,1078.0,779.0,363.0,111.0
0,Virginia,Hispanic or Latino,15846.0,64509.0,164974.0,147919.0,144663.0,151006.0,111579.0,69805.0,31979.0,12538.0,4072.0
0,Virginia,Non-Hispanic White,50032.0,213004.0,605284.0,683554.0,746111.0,706034.0,748312.0,837483.0,661291.0,353495.0,120742.0
0,Virginia,Non-Hispanic Black,20162.0,79634.0,226419.0,249983.0,274547.0,234022.0,227560.0,237058.0,151586.0,67603.0,22050.0
0,Virginia,Non-Hispanic American Indian or Alaska Native,251.0,791.0,2437.0,3253.0,3979.0,2945.0,3174.0,3811.0,2639.0,1285.0,434.0
0,Virginia,Non-Hispanic Asian,5565.0,23545.0,75954.0,79240.0,99454.0,111004.0,96794.0,68884.0,46830.0,22487.0,6017.0
0,Virginia,Non-Hispanic Native Hawaiian or Other Pacific Islander,86.0,358.0,848.0,1037.0,1220.0,1225.0,926.0,748.0,494.0,173.0,30.0
0,Virginia,Non-Hispanic More than one race,5922.0,25772.0,67646.0,53502.0,36094.0,24327.0,17353.0,13507.0,7980.0,3500.0,1140.0
0,Washington,Hispanic or Latino,18467.0,79394.0,226004.0,196080.0,185705.0,155643.0,111291.0,68661.0,33955.0,13205.0,3893.0
0,Washington,Non-Hispanic White,49038.0,204305.0,571105.0,590843.0,787842.0,741765.0,714695.0,826997.0,691415.0,335679.0,116637.0
0,Washington,Non-Hispanic Black,3562.0,17553.0,46308.0,46169.0,61368.0,51326.0,41571.0,36817.0,20506.0,7351.0,2211.0
0,Washington,Non-Hispanic American Indian or Alaska Native,1146.0,5236.0,14549.0,14964.0,16937.0,13803.0,12897.0,13220.0,8793.0,3561.0,754.0
0,Washington,Non-Hispanic Asian,6819.0,28669.0,80535.0,94761.0,157102.0,132667.0,104160.0,81881.0,58160.0,26660.0,9639.0
0,Washington,Non-Hispanic Native Hawaiian or Other Pacific Islander,772.0,2880.0,8893.0,9443.0,11139.0,9800.0,7087.0,5726.0,3179.0,991.0,222.0
0,Washington,Non-Hispanic More than one race,8291.0,30344.0,82725.0,68564.0,56725.0,38161.0,25281.0,19784.0,11594.0,4330.0,1222.0
0,West Virginia,Hispanic or Latino,461.0,2407.0,6313.0,5605.0,5572.0,5088.0,3656.0,2463.0,1603.0,763.0,382.0
0,West Virginia,Non-Hispanic White,15645.0,65916.0,197379.0,211370.0,212477.0,214249.0,234601.0,263201.0,231128.0,119674.0,38381.0
0,West Virginia,Non-Hispanic Black,709.0,2867.0,7966.0,10588.0,10770.0,9081.0,8153.0,8956.0,6411.0,2644.0,821.0
0,West Virginia,Non-Hispanic American Indian or Alaska Native,30.0,143.0,352.0,411.0,517.0,433.0,594.0,765.0,600.0,261.0,97.0
0,West Virginia,Non-Hispanic Asian,135.0,517.0,1561.0,2317.0,2640.0,2568.0,2034.0,1658.0,1435.0,719.0,151.0
0,West Virginia,Non-Hispanic Native Hawaiian or Other Pacific Islander,0.0,22.0,52.0,60.0,75.0,64.0,59.0,58.0,44.0,25.0,0.0
0,West Virginia,Non-Hispanic More than one race,775.0,3398.0,9499.0,7180.0,3836.0,2549.0,1974.0,2071.0,1668.0,912.0,304.0
0,Wisconsin,Hispanic or Latino,7309.0,32710.0,96797.0,85098.0,68180.0,66252.0,47686.0,29237.0,14235.0,5490.0,2000.0
0,Wisconsin,Non-Hispanic White,45496.0,184286.0,545868.0,623552.0,615057.0,623881.0,655717.0,808620.0,618531.0,313277.0,121648.0
0,Wisconsin,Non-Hispanic Black,5099.0,25781.0,69338.0,66665.0,68797.0,51811.0,45547.0,40133.0,23583.0,9651.0,2802.0
0,Wisconsin,Non-Hispanic American Indian or Alaska Native,735.0,3110.0,8815.0,8312.0,8973.0,7228.0,7080.0,7061.0,4177.0,1710.0,395.0
0,Wisconsin,Non-Hispanic Asian,2088.0,9548.0,29252.0,32841.0,40254.0,30375.0,19592.0,13150.0,7974.0,3525.0,1051.0
0,Wisconsin,Non-Hispanic Native Hawaiian or Other Pacific Islander,27.0,190.0,380.0,398.0,507.0,333.0,252.0,235.0,165.0,58.0,12.0
0,Wisconsin,Non-Hispanic More than one race,2612.0,11505.0,32153.0,25007.0,15057.0,9196.0,6169.0,4915.0,2901.0,1247.0,401.0
0,Wyoming,Hispanic or Latino,992.0,4533.0,12625.0,10906.0,9628.0,9024.0,6236.0,5220.0,3325.0,1444.0,460.0
0,Wyoming,Non-Hispanic White,4951.0,21283.0,64529.0,64376.0,67551.0,68536.0,60516.0,76743.0,62860.0,29349.0,10213.0
0,Wyoming,Non-Hispanic Black,89.0,390.0,975.0,1165.0,1283.0,1034.0,675.0,793.0,562.0,121.0,55.0
0,Wyoming,Non-Hispanic American Indian or Alaska Native,182.0,803.0,2449.0,2186.0,2002.0,1589.0,1471.0,1348.0,904.0,346.0,100.0
0,Wyoming,Non-Hispanic Asian,61.0,210.0,625.0,1369.0,1467.0,999.0,762.0,578.0,450.0,157.0,70.0
0,Wyoming,Non-Hispanic Native Hawaiian or Other Pacific Islander,4.0,25.0,50.0,83.0,77.0,66.0,45.0,64.0,28.0,20.0,5.0
0,Wyoming,Non-Hispanic More than one race,293.0,1115.0,2815.0,2288.0,1654.0,1000.0,796.0,746.0,499.0,270.0,88.0
