"","DateRep","Cases","Deaths","Country"
"1",2019-12-31,0,0,"Austria"
"2",2020-01-01,0,0,"Austria"
"3",2020-01-02,0,0,"Austria"
"4",2020-01-03,0,0,"Austria"
"5",2020-01-04,0,0,"Austria"
"6",2020-01-05,0,0,"Austria"
"7",2020-01-06,0,0,"Austria"
"8",2020-01-07,0,0,"Austria"
"9",2020-01-08,0,0,"Austria"
"10",2020-01-09,0,0,"Austria"
"11",2020-01-10,0,0,"Austria"
"12",2020-01-11,0,0,"Austria"
"13",2020-01-12,0,0,"Austria"
"14",2020-01-13,0,0,"Austria"
"15",2020-01-14,0,0,"Austria"
"16",2020-01-15,0,0,"Austria"
"17",2020-01-16,0,0,"Austria"
"18",2020-01-17,0,0,"Austria"
"19",2020-01-18,0,0,"Austria"
"20",2020-01-19,0,0,"Austria"
"21",2020-01-20,0,0,"Austria"
"22",2020-01-21,0,0,"Austria"
"23",2020-01-22,0,0,"Austria"
"24",2020-01-23,0,0,"Austria"
"25",2020-01-24,0,0,"Austria"
"26",2020-01-25,0,0,"Austria"
"27",2020-01-26,0,0,"Austria"
"28",2020-01-27,0,0,"Austria"
"29",2020-01-28,0,0,"Austria"
"30",2020-01-29,0,0,"Austria"
"31",2020-01-30,0,0,"Austria"
"32",2020-01-31,0,0,"Austria"
"33",2020-02-01,0,0,"Austria"
"34",2020-02-02,0,0,"Austria"
"35",2020-02-03,0,0,"Austria"
"36",2020-02-04,0,0,"Austria"
"37",2020-02-05,0,0,"Austria"
"38",2020-02-06,0,0,"Austria"
"39",2020-02-07,0,0,"Austria"
"40",2020-02-08,0,0,"Austria"
"41",2020-02-09,0,0,"Austria"
"42",2020-02-10,0,0,"Austria"
"43",2020-02-11,0,0,"Austria"
"44",2020-02-12,0,0,"Austria"
"45",2020-02-13,0,0,"Austria"
"46",2020-02-14,0,0,"Austria"
"47",2020-02-15,0,0,"Austria"
"48",2020-02-16,0,0,"Austria"
"49",2020-02-17,0,0,"Austria"
"50",2020-02-18,0,0,"Austria"
"51",2020-02-19,0,0,"Austria"
"52",2020-02-20,0,0,"Austria"
"53",2020-02-21,0,0,"Austria"
"54",2020-02-22,0,0,"Austria"
"55",2020-02-23,0,0,"Austria"
"56",2020-02-24,0,0,"Austria"
"57",2020-02-25,0,0,"Austria"
"58",2020-02-26,2,0,"Austria"
"59",2020-02-27,0,0,"Austria"
"60",2020-02-28,3,0,"Austria"
"61",2020-02-29,2,0,"Austria"
"62",2020-03-01,3,0,"Austria"
"63",2020-03-02,4,0,"Austria"
"64",2020-03-03,4,0,"Austria"
"65",2020-03-04,6,0,"Austria"
"66",2020-03-05,5,0,"Austria"
"67",2020-03-06,12,0,"Austria"
"68",2020-03-07,33,0,"Austria"
"69",2020-03-08,25,0,"Austria"
"70",2020-03-09,3,0,"Austria"
"71",2020-03-10,29,0,"Austria"
"72",2020-03-11,51,0,"Austria"
"73",2020-03-12,64,0,"Austria"
"74",2020-03-13,115,1,"Austria"
"75",2020-03-14,143,0,"Austria"
"76",2020-03-15,151,0,"Austria"
"77",2020-03-16,205,0,"Austria"
"78",2020-03-17,156,2,"Austria"
"79",2020-03-18,316,0,"Austria"
"80",2020-03-19,314,1,"Austria"
"81",2020-03-20,550,2,"Austria"
"82",2020-03-21,453,0,"Austria"
"83",2020-03-22,375,2,"Austria"
"84",2020-03-23,607,8,"Austria"
"85",2020-03-24,855,9,"Austria"
"86",2020-03-25,796,5,"Austria"
"87",2020-03-26,606,4,"Austria"
"88",2020-03-27,1141,18,"Austria"
"89",2020-03-28,668,16,"Austria"
"90",2020-03-29,594,0,"Austria"
"91",2020-03-30,522,18,"Austria"
"92",2020-03-31,805,22,"Austria"
"93",2020-04-01,564,20,"Austria"
"94",2020-04-02,529,18,"Austria"
"95",2020-04-03,418,12,"Austria"
"96",2020-04-04,396,10,"Austria"
"97",2020-04-05,241,18,"Austria"
"98",2020-04-06,217,18,"Austria"
"99",2020-04-07,314,16,"Austria"
"100",2020-04-08,343,23,"Austria"
"101",2020-04-09,329,30,"Austria"
"102",2020-04-10,279,22,"Austria"
"103",2020-04-11,312,24,"Austria"
"104",2020-04-12,247,18,"Austria"
"105",2020-04-13,130,13,"Austria"
"106",2020-04-14,106,18,"Austria"
"107",2020-04-15,191,16,"Austria"
"108",2020-04-16,136,9,"Austria"
"109",2020-04-17,78,17,"Austria"
"110",2020-04-18,155,21,"Austria"
"111",2020-04-19,59,12,"Austria"
"112",2020-04-20,48,9,"Austria"
"113",2020-04-21,73,10,"Austria"
"114",2020-04-22,50,1,"Austria"
"115",2020-04-23,91,31,"Austria"
"116",2020-04-24,61,14,"Austria"
"117",2020-04-25,83,5,"Austria"
"118",2020-04-26,66,23,"Austria"
"119",2020-04-27,55,6,"Austria"
"120",2020-04-28,67,7,"Austria"
"121",2020-04-29,58,20,"Austria"
"122",2020-04-30,50,11,"Austria"
"123",2020-05-01,60,4,"Austria"
"124",2020-05-02,34,5,"Austria"
"125",2020-05-03,12,7,"Austria"
"126",2020-05-04,68,2,"Austria"
"127",2020-05-05,31,2,"Austria"
"128",2019-12-31,0,0,"Belgium"
"129",2020-01-01,0,0,"Belgium"
"130",2020-01-02,0,0,"Belgium"
"131",2020-01-03,0,0,"Belgium"
"132",2020-01-04,0,0,"Belgium"
"133",2020-01-05,0,0,"Belgium"
"134",2020-01-06,0,0,"Belgium"
"135",2020-01-07,0,0,"Belgium"
"136",2020-01-08,0,0,"Belgium"
"137",2020-01-09,0,0,"Belgium"
"138",2020-01-10,0,0,"Belgium"
"139",2020-01-11,0,0,"Belgium"
"140",2020-01-12,0,0,"Belgium"
"141",2020-01-13,0,0,"Belgium"
"142",2020-01-14,0,0,"Belgium"
"143",2020-01-15,0,0,"Belgium"
"144",2020-01-16,0,0,"Belgium"
"145",2020-01-17,0,0,"Belgium"
"146",2020-01-18,0,0,"Belgium"
"147",2020-01-19,0,0,"Belgium"
"148",2020-01-20,0,0,"Belgium"
"149",2020-01-21,0,0,"Belgium"
"150",2020-01-22,0,0,"Belgium"
"151",2020-01-23,0,0,"Belgium"
"152",2020-01-24,0,0,"Belgium"
"153",2020-01-25,0,0,"Belgium"
"154",2020-01-26,0,0,"Belgium"
"155",2020-01-27,0,0,"Belgium"
"156",2020-01-28,0,0,"Belgium"
"157",2020-01-29,0,0,"Belgium"
"158",2020-01-30,0,0,"Belgium"
"159",2020-01-31,0,0,"Belgium"
"160",2020-02-01,0,0,"Belgium"
"161",2020-02-02,0,0,"Belgium"
"162",2020-02-03,0,0,"Belgium"
"163",2020-02-04,1,0,"Belgium"
"164",2020-02-05,0,0,"Belgium"
"165",2020-02-06,0,0,"Belgium"
"166",2020-02-07,0,0,"Belgium"
"167",2020-02-08,0,0,"Belgium"
"168",2020-02-09,0,0,"Belgium"
"169",2020-02-10,0,0,"Belgium"
"170",2020-02-11,0,0,"Belgium"
"171",2020-02-12,0,0,"Belgium"
"172",2020-02-13,0,0,"Belgium"
"173",2020-02-14,0,0,"Belgium"
"174",2020-02-15,0,0,"Belgium"
"175",2020-02-16,0,0,"Belgium"
"176",2020-02-17,0,0,"Belgium"
"177",2020-02-18,0,0,"Belgium"
"178",2020-02-19,0,0,"Belgium"
"179",2020-02-20,0,0,"Belgium"
"180",2020-02-21,0,0,"Belgium"
"181",2020-02-22,0,0,"Belgium"
"182",2020-02-23,0,0,"Belgium"
"183",2020-02-24,0,0,"Belgium"
"184",2020-02-25,0,0,"Belgium"
"185",2020-02-26,0,0,"Belgium"
"186",2020-02-27,0,0,"Belgium"
"187",2020-02-28,0,0,"Belgium"
"188",2020-02-29,0,0,"Belgium"
"189",2020-03-01,0,0,"Belgium"
"190",2020-03-02,1,0,"Belgium"
"191",2020-03-03,6,0,"Belgium"
"192",2020-03-04,5,0,"Belgium"
"193",2020-03-05,10,0,"Belgium"
"194",2020-03-06,27,0,"Belgium"
"195",2020-03-07,59,0,"Belgium"
"196",2020-03-08,60,0,"Belgium"
"197",2020-03-09,31,0,"Belgium"
"198",2020-03-10,39,0,"Belgium"
"199",2020-03-11,28,0,"Belgium"
"200",2020-03-12,47,3,"Belgium"
"201",2020-03-13,85,0,"Belgium"
"202",2020-03-14,160,0,"Belgium"
"203",2020-03-15,130,1,"Belgium"
"204",2020-03-16,197,0,"Belgium"
"205",2020-03-17,199,1,"Belgium"
"206",2020-03-18,158,0,"Belgium"
"207",2020-03-19,243,9,"Belgium"
"208",2020-03-20,309,7,"Belgium"
"209",2020-03-21,462,16,"Belgium"
"210",2020-03-22,558,30,"Belgium"
"211",2020-03-23,586,8,"Belgium"
"212",2020-03-24,342,13,"Belgium"
"213",2020-03-25,526,34,"Belgium"
"214",2020-03-26,668,56,"Belgium"
"215",2020-03-27,1298,42,"Belgium"
"216",2020-03-28,1049,69,"Belgium"
"217",2020-03-29,1850,64,"Belgium"
"218",2020-03-30,1702,78,"Belgium"
"219",2020-03-31,1063,82,"Belgium"
"220",2020-04-01,876,192,"Belgium"
"221",2020-04-02,1189,123,"Belgium"
"222",2020-04-03,1384,183,"Belgium"
"223",2020-04-04,1422,132,"Belgium"
"224",2020-04-05,1661,140,"Belgium"
"225",2020-04-06,1260,164,"Belgium"
"226",2020-04-07,1123,185,"Belgium"
"227",2020-04-08,1380,403,"Belgium"
"228",2020-04-09,1209,205,"Belgium"
"229",2020-04-10,1580,283,"Belgium"
"230",2020-04-11,1684,496,"Belgium"
"231",2020-04-12,1351,327,"Belgium"
"232",2020-04-13,1629,254,"Belgium"
"233",2020-04-14,942,303,"Belgium"
"234",2020-04-15,530,254,"Belgium"
"235",2020-04-16,2454,283,"Belgium"
"236",2020-04-17,1236,417,"Belgium"
"237",2020-04-18,1329,306,"Belgium"
"238",2020-04-19,1045,290,"Belgium"
"239",2020-04-20,1313,230,"Belgium"
"240",2020-04-21,1487,145,"Belgium"
"241",2020-04-22,973,170,"Belgium"
"242",2020-04-23,933,264,"Belgium"
"243",2020-04-24,908,228,"Belgium"
"244",2020-04-25,1496,189,"Belgium"
"245",2020-04-26,1032,238,"Belgium"
"246",2020-04-27,809,177,"Belgium"
"247",2020-04-28,553,113,"Belgium"
"248",2020-04-29,647,124,"Belgium"
"249",2020-04-30,525,170,"Belgium"
"250",2020-05-01,660,93,"Belgium"
"251",2020-05-02,513,109,"Belgium"
"252",2020-05-03,485,62,"Belgium"
"253",2020-05-04,389,79,"Belgium"
"254",2020-05-05,361,80,"Belgium"
"255",2019-12-31,0,0,"Denmark"
"256",2020-01-01,0,0,"Denmark"
"257",2020-01-02,0,0,"Denmark"
"258",2020-01-03,0,0,"Denmark"
"259",2020-01-04,0,0,"Denmark"
"260",2020-01-05,0,0,"Denmark"
"261",2020-01-06,0,0,"Denmark"
"262",2020-01-07,0,0,"Denmark"
"263",2020-01-08,0,0,"Denmark"
"264",2020-01-09,0,0,"Denmark"
"265",2020-01-10,0,0,"Denmark"
"266",2020-01-11,0,0,"Denmark"
"267",2020-01-12,0,0,"Denmark"
"268",2020-01-13,0,0,"Denmark"
"269",2020-01-14,0,0,"Denmark"
"270",2020-01-15,0,0,"Denmark"
"271",2020-01-16,0,0,"Denmark"
"272",2020-01-17,0,0,"Denmark"
"273",2020-01-18,0,0,"Denmark"
"274",2020-01-19,0,0,"Denmark"
"275",2020-01-20,0,0,"Denmark"
"276",2020-01-21,0,0,"Denmark"
"277",2020-01-22,0,0,"Denmark"
"278",2020-01-23,0,0,"Denmark"
"279",2020-01-24,0,0,"Denmark"
"280",2020-01-25,0,0,"Denmark"
"281",2020-01-26,0,0,"Denmark"
"282",2020-01-27,0,0,"Denmark"
"283",2020-01-28,0,0,"Denmark"
"284",2020-01-29,0,0,"Denmark"
"285",2020-01-30,0,0,"Denmark"
"286",2020-01-31,0,0,"Denmark"
"287",2020-02-01,0,0,"Denmark"
"288",2020-02-02,0,0,"Denmark"
"289",2020-02-03,0,0,"Denmark"
"290",2020-02-04,0,0,"Denmark"
"291",2020-02-05,0,0,"Denmark"
"292",2020-02-06,0,0,"Denmark"
"293",2020-02-07,0,0,"Denmark"
"294",2020-02-08,0,0,"Denmark"
"295",2020-02-09,0,0,"Denmark"
"296",2020-02-10,0,0,"Denmark"
"297",2020-02-11,0,0,"Denmark"
"298",2020-02-12,0,0,"Denmark"
"299",2020-02-13,0,0,"Denmark"
"300",2020-02-14,0,0,"Denmark"
"301",2020-02-15,0,0,"Denmark"
"302",2020-02-16,0,0,"Denmark"
"303",2020-02-17,0,0,"Denmark"
"304",2020-02-18,0,0,"Denmark"
"305",2020-02-19,0,0,"Denmark"
"306",2020-02-20,0,0,"Denmark"
"307",2020-02-21,0,0,"Denmark"
"308",2020-02-22,0,0,"Denmark"
"309",2020-02-23,0,0,"Denmark"
"310",2020-02-24,0,0,"Denmark"
"311",2020-02-25,0,0,"Denmark"
"312",2020-02-26,0,0,"Denmark"
"313",2020-02-27,1,0,"Denmark"
"314",2020-02-28,0,0,"Denmark"
"315",2020-02-29,1,0,"Denmark"
"316",2020-03-01,1,0,"Denmark"
"317",2020-03-02,1,0,"Denmark"
"318",2020-03-03,1,0,"Denmark"
"319",2020-03-04,3,0,"Denmark"
"320",2020-03-05,2,0,"Denmark"
"321",2020-03-06,10,0,"Denmark"
"322",2020-03-07,3,0,"Denmark"
"323",2020-03-08,8,0,"Denmark"
"324",2020-03-09,7,0,"Denmark"
"325",2020-03-10,75,0,"Denmark"
"326",2020-03-11,151,0,"Denmark"
"327",2020-03-12,252,0,"Denmark"
"328",2020-03-13,160,0,"Denmark"
"329",2020-03-14,128,0,"Denmark"
"330",2020-03-15,23,0,"Denmark"
"331",2020-03-16,48,1,"Denmark"
"332",2020-03-17,57,0,"Denmark"
"333",2020-03-18,92,3,"Denmark"
"334",2020-03-19,91,0,"Denmark"
"335",2020-03-20,36,2,"Denmark"
"336",2020-03-21,104,3,"Denmark"
"337",2020-03-22,71,4,"Denmark"
"338",2020-03-23,69,0,"Denmark"
"339",2020-03-24,65,11,"Denmark"
"340",2020-03-25,131,8,"Denmark"
"341",2020-03-26,133,2,"Denmark"
"342",2020-03-27,153,7,"Denmark"
"343",2020-03-28,169,11,"Denmark"
"344",2020-03-29,155,13,"Denmark"
"345",2020-03-30,194,7,"Denmark"
"346",2020-03-31,182,5,"Denmark"
"347",2020-04-01,283,13,"Denmark"
"348",2020-04-02,247,14,"Denmark"
"349",2020-04-03,279,19,"Denmark"
"350",2020-04-04,371,16,"Denmark"
"351",2020-04-05,320,22,"Denmark"
"352",2020-04-06,292,18,"Denmark"
"353",2020-04-07,312,8,"Denmark"
"354",2020-04-08,390,16,"Denmark"
"355",2020-04-09,331,15,"Denmark"
"356",2020-04-10,233,19,"Denmark"
"357",2020-04-11,184,10,"Denmark"
"358",2020-04-12,177,13,"Denmark"
"359",2020-04-13,178,13,"Denmark"
"360",2020-04-14,144,12,"Denmark"
"361",2020-04-15,193,14,"Denmark"
"362",2020-04-16,170,10,"Denmark"
"363",2020-04-17,198,12,"Denmark"
"364",2020-04-18,194,15,"Denmark"
"365",2020-04-19,169,10,"Denmark"
"366",2020-04-20,142,9,"Denmark"
"367",2020-04-21,131,9,"Denmark"
"368",2020-04-22,180,6,"Denmark"
"369",2020-04-23,217,14,"Denmark"
"370",2020-04-24,161,10,"Denmark"
"371",2020-04-25,137,9,"Denmark"
"372",2020-04-26,235,15,"Denmark"
"373",2020-04-27,130,4,"Denmark"
"374",2020-04-28,123,5,"Denmark"
"375",2020-04-29,153,7,"Denmark"
"376",2020-04-30,157,9,"Denmark"
"377",2020-05-01,150,9,"Denmark"
"378",2020-05-02,153,10,"Denmark"
"379",2020-05-03,96,11,"Denmark"
"380",2020-05-04,116,8,"Denmark"
"381",2020-05-05,147,9,"Denmark"
"382",2019-12-31,0,0,"France"
"383",2020-01-01,0,0,"France"
"384",2020-01-02,0,0,"France"
"385",2020-01-03,0,0,"France"
"386",2020-01-04,0,0,"France"
"387",2020-01-05,0,0,"France"
"388",2020-01-06,0,0,"France"
"389",2020-01-07,0,0,"France"
"390",2020-01-08,0,0,"France"
"391",2020-01-09,0,0,"France"
"392",2020-01-10,0,0,"France"
"393",2020-01-11,0,0,"France"
"394",2020-01-12,0,0,"France"
"395",2020-01-13,0,0,"France"
"396",2020-01-14,0,0,"France"
"397",2020-01-15,0,0,"France"
"398",2020-01-16,0,0,"France"
"399",2020-01-17,0,0,"France"
"400",2020-01-18,0,0,"France"
"401",2020-01-19,0,0,"France"
"402",2020-01-20,0,0,"France"
"403",2020-01-21,0,0,"France"
"404",2020-01-22,0,0,"France"
"405",2020-01-23,0,0,"France"
"406",2020-01-24,0,0,"France"
"407",2020-01-25,3,0,"France"
"408",2020-01-26,0,0,"France"
"409",2020-01-27,0,0,"France"
"410",2020-01-28,0,0,"France"
"411",2020-01-29,1,0,"France"
"412",2020-01-30,1,0,"France"
"413",2020-01-31,1,0,"France"
"414",2020-02-01,0,0,"France"
"415",2020-02-02,0,0,"France"
"416",2020-02-03,0,0,"France"
"417",2020-02-04,0,0,"France"
"418",2020-02-05,0,0,"France"
"419",2020-02-06,0,0,"France"
"420",2020-02-07,0,0,"France"
"421",2020-02-08,5,0,"France"
"422",2020-02-09,0,0,"France"
"423",2020-02-10,0,0,"France"
"424",2020-02-11,0,0,"France"
"425",2020-02-12,0,0,"France"
"426",2020-02-13,0,0,"France"
"427",2020-02-14,0,0,"France"
"428",2020-02-15,0,1,"France"
"429",2020-02-16,0,0,"France"
"430",2020-02-17,1,0,"France"
"431",2020-02-18,0,0,"France"
"432",2020-02-19,0,0,"France"
"433",2020-02-20,0,0,"France"
"434",2020-02-21,0,0,"France"
"435",2020-02-22,0,0,"France"
"436",2020-02-23,0,0,"France"
"437",2020-02-24,0,0,"France"
"438",2020-02-25,0,0,"France"
"439",2020-02-26,2,0,"France"
"440",2020-02-27,3,1,"France"
"441",2020-02-28,21,0,"France"
"442",2020-02-29,19,0,"France"
"443",2020-03-01,43,0,"France"
"444",2020-03-02,30,0,"France"
"445",2020-03-03,48,1,"France"
"446",2020-03-04,34,1,"France"
"447",2020-03-05,73,0,"France"
"448",2020-03-06,138,3,"France"
"449",2020-03-07,190,2,"France"
"450",2020-03-08,103,1,"France"
"451",2020-03-09,410,9,"France"
"452",2020-03-10,286,11,"France"
"453",2020-03-11,372,3,"France"
"454",2020-03-12,497,15,"France"
"455",2020-03-13,595,13,"France"
"456",2020-03-14,785,18,"France"
"457",2020-03-15,838,12,"France"
"458",2020-03-16,924,36,"France"
"459",2020-03-17,1210,21,"France"
"460",2020-03-18,1097,27,"France"
"461",2020-03-19,1404,69,"France"
"462",2020-03-20,1861,128,"France"
"463",2020-03-21,1617,78,"France"
"464",2020-03-22,1847,112,"France"
"465",2020-03-23,1559,112,"France"
"466",2020-03-24,3838,186,"France"
"467",2020-03-25,2446,240,"France"
"468",2020-03-26,2931,231,"France"
"469",2020-03-27,3922,365,"France"
"470",2020-03-28,3809,299,"France"
"471",2020-03-29,4611,319,"France"
"472",2020-03-30,2599,292,"France"
"473",2020-03-31,4376,418,"France"
"474",2020-04-01,7578,499,"France"
"475",2020-04-02,4861,509,"France"
"476",2020-04-03,2116,471,"France"
"477",2020-04-04,5233,2004,"France"
"478",2020-04-05,4267,1053,"France"
"479",2020-04-06,1873,518,"France"
"480",2020-04-07,3912,833,"France"
"481",2020-04-08,3777,1417,"France"
"482",2020-04-09,3881,541,"France"
"483",2020-04-10,4286,1341,"France"
"484",2020-04-11,4342,987,"France"
"485",2020-04-12,3114,635,"France"
"486",2020-04-13,1613,561,"France"
"487",2020-04-14,2673,574,"France"
"488",2020-04-15,5497,762,"France"
"489",2020-04-16,2633,1438,"France"
"490",2020-04-17,2641,753,"France"
"491",2020-04-18,405,761,"France"
"492",2020-04-19,2569,642,"France"
"493",2020-04-20,785,395,"France"
"494",2020-04-21,2051,547,"France"
"495",2020-04-22,2667,531,"France"
"496",2020-04-23,1827,544,"France"
"497",2020-04-24,1653,516,"France"
"498",2020-04-25,1773,389,"France"
"499",2020-04-26,1537,369,"France"
"500",2020-04-27,461,242,"France"
"501",2020-04-28,1195,437,"France"
"502",2020-04-29,1065,367,"France"
"503",2020-04-30,1607,427,"France"
"504",2020-05-01,1139,289,"France"
"505",2020-05-02,604,218,"France"
"506",2020-05-03,794,166,"France"
"507",2020-05-04,308,135,"France"
"508",2020-05-05,576,306,"France"
"509",2019-12-31,0,0,"Germany"
"510",2020-01-01,0,0,"Germany"
"511",2020-01-02,0,0,"Germany"
"512",2020-01-03,0,0,"Germany"
"513",2020-01-04,0,0,"Germany"
"514",2020-01-05,0,0,"Germany"
"515",2020-01-06,0,0,"Germany"
"516",2020-01-07,0,0,"Germany"
"517",2020-01-08,0,0,"Germany"
"518",2020-01-09,0,0,"Germany"
"519",2020-01-10,0,0,"Germany"
"520",2020-01-11,0,0,"Germany"
"521",2020-01-12,0,0,"Germany"
"522",2020-01-13,0,0,"Germany"
"523",2020-01-14,0,0,"Germany"
"524",2020-01-15,0,0,"Germany"
"525",2020-01-16,0,0,"Germany"
"526",2020-01-17,0,0,"Germany"
"527",2020-01-18,0,0,"Germany"
"528",2020-01-19,0,0,"Germany"
"529",2020-01-20,0,0,"Germany"
"530",2020-01-21,0,0,"Germany"
"531",2020-01-22,0,0,"Germany"
"532",2020-01-23,0,0,"Germany"
"533",2020-01-24,0,0,"Germany"
"534",2020-01-25,0,0,"Germany"
"535",2020-01-26,0,0,"Germany"
"536",2020-01-27,0,0,"Germany"
"537",2020-01-28,1,0,"Germany"
"538",2020-01-29,3,0,"Germany"
"539",2020-01-30,0,0,"Germany"
"540",2020-01-31,1,0,"Germany"
"541",2020-02-01,2,0,"Germany"
"542",2020-02-02,1,0,"Germany"
"543",2020-02-03,1,0,"Germany"
"544",2020-02-04,2,0,"Germany"
"545",2020-02-05,0,0,"Germany"
"546",2020-02-06,0,0,"Germany"
"547",2020-02-07,1,0,"Germany"
"548",2020-02-08,1,0,"Germany"
"549",2020-02-09,0,0,"Germany"
"550",2020-02-10,0,0,"Germany"
"551",2020-02-11,0,0,"Germany"
"552",2020-02-12,2,0,"Germany"
"553",2020-02-13,0,0,"Germany"
"554",2020-02-14,0,0,"Germany"
"555",2020-02-15,0,0,"Germany"
"556",2020-02-16,0,0,"Germany"
"557",2020-02-17,0,0,"Germany"
"558",2020-02-18,0,0,"Germany"
"559",2020-02-19,0,0,"Germany"
"560",2020-02-20,0,0,"Germany"
"561",2020-02-21,0,0,"Germany"
"562",2020-02-22,0,0,"Germany"
"563",2020-02-23,0,0,"Germany"
"564",2020-02-24,0,0,"Germany"
"565",2020-02-25,0,0,"Germany"
"566",2020-02-26,2,0,"Germany"
"567",2020-02-27,4,0,"Germany"
"568",2020-02-28,26,0,"Germany"
"569",2020-02-29,10,0,"Germany"
"570",2020-03-01,54,0,"Germany"
"571",2020-03-02,18,0,"Germany"
"572",2020-03-03,28,0,"Germany"
"573",2020-03-04,39,0,"Germany"
"574",2020-03-05,66,0,"Germany"
"575",2020-03-06,138,0,"Germany"
"576",2020-03-07,284,0,"Germany"
"577",2020-03-08,163,0,"Germany"
"578",2020-03-09,55,0,"Germany"
"579",2020-03-10,237,2,"Germany"
"580",2020-03-11,157,0,"Germany"
"581",2020-03-12,271,1,"Germany"
"582",2020-03-13,802,2,"Germany"
"583",2020-03-14,693,0,"Germany"
"584",2020-03-15,733,3,"Germany"
"585",2020-03-16,1043,4,"Germany"
"586",2020-03-17,1174,1,"Germany"
"587",2020-03-18,1144,0,"Germany"
"588",2020-03-19,1042,0,"Germany"
"589",2020-03-20,5940,30,"Germany"
"590",2020-03-21,4049,2,"Germany"
"591",2020-03-22,3276,22,"Germany"
"592",2020-03-23,3311,27,"Germany"
"593",2020-03-24,4438,32,"Germany"
"594",2020-03-25,2342,23,"Germany"
"595",2020-03-26,4954,49,"Germany"
"596",2020-03-27,5780,55,"Germany"
"597",2020-03-28,6294,72,"Germany"
"598",2020-03-29,3965,64,"Germany"
"599",2020-03-30,4751,66,"Germany"
"600",2020-03-31,4615,128,"Germany"
"601",2020-04-01,5453,149,"Germany"
"602",2020-04-02,6156,140,"Germany"
"603",2020-04-03,6174,145,"Germany"
"604",2020-04-04,6082,141,"Germany"
"605",2020-04-05,5936,184,"Germany"
"606",2020-04-06,3677,92,"Germany"
"607",2020-04-07,3834,173,"Germany"
"608",2020-04-08,4003,254,"Germany"
"609",2020-04-09,4974,246,"Germany"
"610",2020-04-10,5323,266,"Germany"
"611",2020-04-11,4133,171,"Germany"
"612",2020-04-12,2821,129,"Germany"
"613",2020-04-13,2537,126,"Germany"
"614",2020-04-14,2082,170,"Germany"
"615",2020-04-15,2486,285,"Germany"
"616",2020-04-16,2866,315,"Germany"
"617",2020-04-17,3380,299,"Germany"
"618",2020-04-18,3609,242,"Germany"
"619",2020-04-19,2458,184,"Germany"
"620",2020-04-20,1775,110,"Germany"
"621",2020-04-21,1785,194,"Germany"
"622",2020-04-22,2237,281,"Germany"
"623",2020-04-23,2352,215,"Germany"
"624",2020-04-24,2337,227,"Germany"
"625",2020-04-25,2055,179,"Germany"
"626",2020-04-26,1737,140,"Germany"
"627",2020-04-27,1018,110,"Germany"
"628",2020-04-28,1144,163,"Germany"
"629",2020-04-29,1304,202,"Germany"
"630",2020-04-30,1478,173,"Germany"
"631",2020-05-01,0,0,"Germany"
"632",2020-05-02,2584,287,"Germany"
"633",2020-05-03,793,74,"Germany"
"634",2020-05-04,679,43,"Germany"
"635",2020-05-05,685,139,"Germany"
"636",2019-12-31,0,0,"Italy"
"637",2020-01-01,0,0,"Italy"
"638",2020-01-02,0,0,"Italy"
"639",2020-01-03,0,0,"Italy"
"640",2020-01-04,0,0,"Italy"
"641",2020-01-05,0,0,"Italy"
"642",2020-01-06,0,0,"Italy"
"643",2020-01-07,0,0,"Italy"
"644",2020-01-08,0,0,"Italy"
"645",2020-01-09,0,0,"Italy"
"646",2020-01-10,0,0,"Italy"
"647",2020-01-11,0,0,"Italy"
"648",2020-01-12,0,0,"Italy"
"649",2020-01-13,0,0,"Italy"
"650",2020-01-14,0,0,"Italy"
"651",2020-01-15,0,0,"Italy"
"652",2020-01-16,0,0,"Italy"
"653",2020-01-17,0,0,"Italy"
"654",2020-01-18,0,0,"Italy"
"655",2020-01-19,0,0,"Italy"
"656",2020-01-20,0,0,"Italy"
"657",2020-01-21,0,0,"Italy"
"658",2020-01-22,0,0,"Italy"
"659",2020-01-23,0,0,"Italy"
"660",2020-01-24,0,0,"Italy"
"661",2020-01-25,0,0,"Italy"
"662",2020-01-26,0,0,"Italy"
"663",2020-01-27,0,0,"Italy"
"664",2020-01-28,0,0,"Italy"
"665",2020-01-29,0,0,"Italy"
"666",2020-01-30,0,0,"Italy"
"667",2020-01-31,3,0,"Italy"
"668",2020-02-01,0,0,"Italy"
"669",2020-02-02,0,0,"Italy"
"670",2020-02-03,0,0,"Italy"
"671",2020-02-04,0,0,"Italy"
"672",2020-02-05,0,0,"Italy"
"673",2020-02-06,0,0,"Italy"
"674",2020-02-07,0,0,"Italy"
"675",2020-02-08,0,0,"Italy"
"676",2020-02-09,0,0,"Italy"
"677",2020-02-10,0,0,"Italy"
"678",2020-02-11,0,0,"Italy"
"679",2020-02-12,0,0,"Italy"
"680",2020-02-13,0,0,"Italy"
"681",2020-02-14,0,0,"Italy"
"682",2020-02-15,0,0,"Italy"
"683",2020-02-16,0,0,"Italy"
"684",2020-02-17,0,0,"Italy"
"685",2020-02-18,0,0,"Italy"
"686",2020-02-19,0,0,"Italy"
"687",2020-02-20,0,0,"Italy"
"688",2020-02-21,0,0,"Italy"
"689",2020-02-22,14,0,"Italy"
"690",2020-02-23,62,2,"Italy"
"691",2020-02-24,53,0,"Italy"
"692",2020-02-25,97,4,"Italy"
"693",2020-02-26,93,5,"Italy"
"694",2020-02-27,78,1,"Italy"
"695",2020-02-28,250,5,"Italy"
"696",2020-02-29,238,4,"Italy"
"697",2020-03-01,240,8,"Italy"
"698",2020-03-02,561,6,"Italy"
"699",2020-03-03,347,17,"Italy"
"700",2020-03-04,466,28,"Italy"
"701",2020-03-05,587,27,"Italy"
"702",2020-03-06,769,41,"Italy"
"703",2020-03-07,778,49,"Italy"
"704",2020-03-08,1247,36,"Italy"
"705",2020-03-09,1492,133,"Italy"
"706",2020-03-10,1797,98,"Italy"
"707",2020-03-11,977,167,"Italy"
"708",2020-03-12,2313,196,"Italy"
"709",2020-03-13,2651,189,"Italy"
"710",2020-03-14,2547,252,"Italy"
"711",2020-03-15,3497,173,"Italy"
"712",2020-03-16,2823,370,"Italy"
"713",2020-03-17,4000,347,"Italy"
"714",2020-03-18,3526,347,"Italy"
"715",2020-03-19,4207,473,"Italy"
"716",2020-03-20,5322,429,"Italy"
"717",2020-03-21,5986,625,"Italy"
"718",2020-03-22,6557,795,"Italy"
"719",2020-03-23,5560,649,"Italy"
"720",2020-03-24,4789,601,"Italy"
"721",2020-03-25,5249,743,"Italy"
"722",2020-03-26,5210,685,"Italy"
"723",2020-03-27,6153,660,"Italy"
"724",2020-03-28,5959,971,"Italy"
"725",2020-03-29,5974,887,"Italy"
"726",2020-03-30,5217,758,"Italy"
"727",2020-03-31,4050,810,"Italy"
"728",2020-04-01,4053,839,"Italy"
"729",2020-04-02,4782,727,"Italy"
"730",2020-04-03,4668,760,"Italy"
"731",2020-04-04,4585,764,"Italy"
"732",2020-04-05,4805,681,"Italy"
"733",2020-04-06,4316,527,"Italy"
"734",2020-04-07,3599,636,"Italy"
"735",2020-04-08,3039,604,"Italy"
"736",2020-04-09,3836,540,"Italy"
"737",2020-04-10,4204,612,"Italy"
"738",2020-04-11,3951,570,"Italy"
"739",2020-04-12,4694,619,"Italy"
"740",2020-04-13,4092,431,"Italy"
"741",2020-04-14,3153,564,"Italy"
"742",2020-04-15,2972,604,"Italy"
"743",2020-04-16,2667,578,"Italy"
"744",2020-04-17,3786,525,"Italy"
"745",2020-04-18,3493,575,"Italy"
"746",2020-04-19,3491,480,"Italy"
"747",2020-04-20,3047,433,"Italy"
"748",2020-04-21,2256,454,"Italy"
"749",2020-04-22,2729,534,"Italy"
"750",2020-04-23,3370,437,"Italy"
"751",2020-04-24,2646,464,"Italy"
"752",2020-04-25,3021,420,"Italy"
"753",2020-04-26,2357,415,"Italy"
"754",2020-04-27,2324,260,"Italy"
"755",2020-04-28,1739,333,"Italy"
"756",2020-04-29,2091,382,"Italy"
"757",2020-04-30,2086,323,"Italy"
"758",2020-05-01,1872,285,"Italy"
"759",2020-05-02,1965,269,"Italy"
"760",2020-05-03,1900,474,"Italy"
"761",2020-05-04,1389,174,"Italy"
"762",2020-05-05,1221,195,"Italy"
"763",2019-12-31,0,0,"Norway"
"764",2020-01-01,0,0,"Norway"
"765",2020-01-02,0,0,"Norway"
"766",2020-01-03,0,0,"Norway"
"767",2020-01-04,0,0,"Norway"
"768",2020-01-05,0,0,"Norway"
"769",2020-01-06,0,0,"Norway"
"770",2020-01-07,0,0,"Norway"
"771",2020-01-08,0,0,"Norway"
"772",2020-01-09,0,0,"Norway"
"773",2020-01-10,0,0,"Norway"
"774",2020-01-11,0,0,"Norway"
"775",2020-01-12,0,0,"Norway"
"776",2020-01-13,0,0,"Norway"
"777",2020-01-14,0,0,"Norway"
"778",2020-01-15,0,0,"Norway"
"779",2020-01-16,0,0,"Norway"
"780",2020-01-17,0,0,"Norway"
"781",2020-01-18,0,0,"Norway"
"782",2020-01-19,0,0,"Norway"
"783",2020-01-20,0,0,"Norway"
"784",2020-01-21,0,0,"Norway"
"785",2020-01-22,0,0,"Norway"
"786",2020-01-23,0,0,"Norway"
"787",2020-01-24,0,0,"Norway"
"788",2020-01-25,0,0,"Norway"
"789",2020-01-26,0,0,"Norway"
"790",2020-01-27,0,0,"Norway"
"791",2020-01-28,0,0,"Norway"
"792",2020-01-29,0,0,"Norway"
"793",2020-01-30,0,0,"Norway"
"794",2020-01-31,0,0,"Norway"
"795",2020-02-01,0,0,"Norway"
"796",2020-02-02,0,0,"Norway"
"797",2020-02-03,0,0,"Norway"
"798",2020-02-04,0,0,"Norway"
"799",2020-02-05,0,0,"Norway"
"800",2020-02-06,0,0,"Norway"
"801",2020-02-07,0,0,"Norway"
"802",2020-02-08,0,0,"Norway"
"803",2020-02-09,0,0,"Norway"
"804",2020-02-10,0,0,"Norway"
"805",2020-02-11,0,0,"Norway"
"806",2020-02-12,0,0,"Norway"
"807",2020-02-13,0,0,"Norway"
"808",2020-02-14,0,0,"Norway"
"809",2020-02-15,0,0,"Norway"
"810",2020-02-16,0,0,"Norway"
"811",2020-02-17,0,0,"Norway"
"812",2020-02-18,0,0,"Norway"
"813",2020-02-19,0,0,"Norway"
"814",2020-02-20,0,0,"Norway"
"815",2020-02-21,0,0,"Norway"
"816",2020-02-22,0,0,"Norway"
"817",2020-02-23,0,0,"Norway"
"818",2020-02-24,0,0,"Norway"
"819",2020-02-25,0,0,"Norway"
"820",2020-02-26,0,0,"Norway"
"821",2020-02-27,1,0,"Norway"
"822",2020-02-28,3,0,"Norway"
"823",2020-02-29,2,0,"Norway"
"824",2020-03-01,9,0,"Norway"
"825",2020-03-02,4,0,"Norway"
"826",2020-03-03,6,0,"Norway"
"827",2020-03-04,8,0,"Norway"
"828",2020-03-05,23,0,"Norway"
"829",2020-03-06,30,0,"Norway"
"830",2020-03-07,27,0,"Norway"
"831",2020-03-08,34,0,"Norway"
"832",2020-03-09,22,0,"Norway"
"833",2020-03-10,23,0,"Norway"
"834",2020-03-11,85,0,"Norway"
"835",2020-03-12,212,0,"Norway"
"836",2020-03-13,132,1,"Norway"
"837",2020-03-14,0,0,"Norway"
"838",2020-03-15,286,0,"Norway"
"839",2020-03-16,170,0,"Norway"
"840",2020-03-17,92,2,"Norway"
"841",2020-03-18,139,0,"Norway"
"842",2020-03-19,115,0,"Norway"
"843",2020-03-20,129,3,"Norway"
"844",2020-03-21,190,1,"Norway"
"845",2020-03-22,184,0,"Norway"
"846",2020-03-23,206,0,"Norway"
"847",2020-03-24,239,1,"Norway"
"848",2020-03-25,195,2,"Norway"
"849",2020-03-26,350,2,"Norway"
"850",2020-03-27,240,2,"Norway"
"851",2020-03-28,425,2,"Norway"
"852",2020-03-29,264,4,"Norway"
"853",2020-03-30,257,2,"Norway"
"854",2020-03-31,124,4,"Norway"
"855",2020-04-01,221,2,"Norway"
"856",2020-04-02,218,4,"Norway"
"857",2020-04-03,270,10,"Norway"
"858",2020-04-04,273,2,"Norway"
"859",2020-04-05,302,6,"Norway"
"860",2020-04-06,130,8,"Norway"
"861",2020-04-07,115,1,"Norway"
"862",2020-04-08,108,10,"Norway"
"863",2020-04-09,147,11,"Norway"
"864",2020-04-10,150,8,"Norway"
"865",2020-04-11,84,4,"Norway"
"866",2020-04-12,76,6,"Norway"
"867",2020-04-13,95,5,"Norway"
"868",2020-04-14,73,11,"Norway"
"869",2020-04-15,78,13,"Norway"
"870",2020-04-16,111,3,"Norway"
"871",2020-04-17,114,6,"Norway"
"872",2020-04-18,0,0,"Norway"
"873",2020-04-19,193,12,"Norway"
"874",2020-04-20,84,6,"Norway"
"875",2020-04-21,45,0,"Norway"
"876",2020-04-22,53,9,"Norway"
"877",2020-04-23,84,6,"Norway"
"878",2020-04-24,95,11,"Norway"
"879",2020-04-25,63,11,"Norway"
"880",2020-04-26,59,2,"Norway"
"881",2020-04-27,38,0,"Norway"
"882",2020-04-28,28,0,"Norway"
"883",2020-04-29,72,2,"Norway"
"884",2020-04-30,62,7,"Norway"
"885",2020-05-01,43,2,"Norway"
"886",2020-05-02,49,0,"Norway"
"887",2020-05-03,0,0,"Norway"
"888",2020-05-04,50,4,"Norway"
"889",2020-05-05,38,0,"Norway"
"890",2019-12-31,0,0,"Spain"
"891",2020-01-01,0,0,"Spain"
"892",2020-01-02,0,0,"Spain"
"893",2020-01-03,0,0,"Spain"
"894",2020-01-04,0,0,"Spain"
"895",2020-01-05,0,0,"Spain"
"896",2020-01-06,0,0,"Spain"
"897",2020-01-07,0,0,"Spain"
"898",2020-01-08,0,0,"Spain"
"899",2020-01-09,0,0,"Spain"
"900",2020-01-10,0,0,"Spain"
"901",2020-01-11,0,0,"Spain"
"902",2020-01-12,0,0,"Spain"
"903",2020-01-13,0,0,"Spain"
"904",2020-01-14,0,0,"Spain"
"905",2020-01-15,0,0,"Spain"
"906",2020-01-16,0,0,"Spain"
"907",2020-01-17,0,0,"Spain"
"908",2020-01-18,0,0,"Spain"
"909",2020-01-19,0,0,"Spain"
"910",2020-01-20,0,0,"Spain"
"911",2020-01-21,0,0,"Spain"
"912",2020-01-22,0,0,"Spain"
"913",2020-01-23,0,0,"Spain"
"914",2020-01-24,0,0,"Spain"
"915",2020-01-25,0,0,"Spain"
"916",2020-01-26,0,0,"Spain"
"917",2020-01-27,0,0,"Spain"
"918",2020-01-28,0,0,"Spain"
"919",2020-01-29,0,0,"Spain"
"920",2020-01-30,0,0,"Spain"
"921",2020-01-31,0,0,"Spain"
"922",2020-02-01,1,0,"Spain"
"923",2020-02-02,0,0,"Spain"
"924",2020-02-03,0,0,"Spain"
"925",2020-02-04,0,0,"Spain"
"926",2020-02-05,0,0,"Spain"
"927",2020-02-06,0,0,"Spain"
"928",2020-02-07,0,0,"Spain"
"929",2020-02-08,0,0,"Spain"
"930",2020-02-09,0,0,"Spain"
"931",2020-02-10,1,0,"Spain"
"932",2020-02-11,0,0,"Spain"
"933",2020-02-12,0,0,"Spain"
"934",2020-02-13,0,0,"Spain"
"935",2020-02-14,0,0,"Spain"
"936",2020-02-15,0,0,"Spain"
"937",2020-02-16,0,0,"Spain"
"938",2020-02-17,0,0,"Spain"
"939",2020-02-18,0,0,"Spain"
"940",2020-02-19,0,0,"Spain"
"941",2020-02-20,0,0,"Spain"
"942",2020-02-21,0,0,"Spain"
"943",2020-02-22,0,0,"Spain"
"944",2020-02-23,0,0,"Spain"
"945",2020-02-24,0,0,"Spain"
"946",2020-02-25,1,0,"Spain"
"947",2020-02-26,6,0,"Spain"
"948",2020-02-27,8,0,"Spain"
"949",2020-02-28,18,0,"Spain"
"950",2020-02-29,19,0,"Spain"
"951",2020-03-01,28,0,"Spain"
"952",2020-03-02,54,0,"Spain"
"953",2020-03-03,56,0,"Spain"
"954",2020-03-04,75,0,"Spain"
"955",2020-03-05,81,1,"Spain"
"956",2020-03-06,183,2,"Spain"
"957",2020-03-07,233,2,"Spain"
"958",2020-03-08,330,0,"Spain"
"959",2020-03-09,433,0,"Spain"
"960",2020-03-10,772,23,"Spain"
"961",2020-03-11,975,7,"Spain"
"962",2020-03-12,1153,12,"Spain"
"963",2020-03-13,1531,37,"Spain"
"964",2020-03-14,1683,37,"Spain"
"965",2020-03-15,2144,15,"Spain"
"966",2020-03-16,1706,152,"Spain"
"967",2020-03-17,2503,21,"Spain"
"968",2020-03-18,3694,182,"Spain"
"969",2020-03-19,4047,107,"Spain"
"970",2020-03-20,4569,169,"Spain"
"971",2020-03-21,5446,235,"Spain"
"972",2020-03-22,4866,324,"Spain"
"973",2020-03-23,4646,394,"Spain"
"974",2020-03-24,7691,462,"Spain"
"975",2020-03-25,8553,514,"Spain"
"976",2020-03-26,8954,738,"Spain"
"977",2020-03-27,9181,655,"Spain"
"978",2020-03-28,8244,769,"Spain"
"979",2020-03-29,6424,832,"Spain"
"980",2020-03-30,5813,838,"Spain"
"981",2020-03-31,8145,812,"Spain"
"982",2020-04-01,7413,849,"Spain"
"983",2020-04-02,7583,864,"Spain"
"984",2020-04-03,7272,950,"Spain"
"985",2020-04-04,6663,932,"Spain"
"986",2020-04-05,5533,809,"Spain"
"987",2020-04-06,3667,674,"Spain"
"988",2020-04-07,5209,637,"Spain"
"989",2020-04-08,5583,743,"Spain"
"990",2020-04-09,5745,757,"Spain"
"991",2020-04-10,4537,683,"Spain"
"992",2020-04-11,4550,605,"Spain"
"993",2020-04-12,3899,510,"Spain"
"994",2020-04-13,3030,619,"Spain"
"995",2020-04-14,3116,517,"Spain"
"996",2020-04-15,4424,787,"Spain"
"997",2020-04-16,3820,617,"Spain"
"998",2020-04-17,3818,585,"Spain"
"999",2020-04-18,3836,565,"Spain"
"1000",2020-04-19,-713,410,"Spain"
"1001",2020-04-20,2218,399,"Spain"
"1002",2020-04-21,2951,430,"Spain"
"1003",2020-04-22,2312,435,"Spain"
"1004",2020-04-23,2916,440,"Spain"
"1005",2020-04-24,2114,367,"Spain"
"1006",2020-04-25,2506,378,"Spain"
"1007",2020-04-26,1641,288,"Spain"
"1008",2020-04-27,1660,0,"Spain"
"1009",2020-04-28,1525,632,"Spain"
"1010",2020-04-29,847,453,"Spain"
"1011",2020-04-30,1241,268,"Spain"
"1012",2020-05-01,1387,281,"Spain"
"1013",2020-05-02,1234,276,"Spain"
"1014",2020-05-03,935,164,"Spain"
"1015",2020-05-04,466,164,"Spain"
"1016",2020-05-05,1039,185,"Spain"
"1017",2019-12-31,0,0,"Sweden"
"1018",2020-01-01,0,0,"Sweden"
"1019",2020-01-02,0,0,"Sweden"
"1020",2020-01-03,0,0,"Sweden"
"1021",2020-01-04,0,0,"Sweden"
"1022",2020-01-05,0,0,"Sweden"
"1023",2020-01-06,0,0,"Sweden"
"1024",2020-01-07,0,0,"Sweden"
"1025",2020-01-08,0,0,"Sweden"
"1026",2020-01-09,0,0,"Sweden"
"1027",2020-01-10,0,0,"Sweden"
"1028",2020-01-11,0,0,"Sweden"
"1029",2020-01-12,0,0,"Sweden"
"1030",2020-01-13,0,0,"Sweden"
"1031",2020-01-14,0,0,"Sweden"
"1032",2020-01-15,0,0,"Sweden"
"1033",2020-01-16,0,0,"Sweden"
"1034",2020-01-17,0,0,"Sweden"
"1035",2020-01-18,0,0,"Sweden"
"1036",2020-01-19,0,0,"Sweden"
"1037",2020-01-20,0,0,"Sweden"
"1038",2020-01-21,0,0,"Sweden"
"1039",2020-01-22,0,0,"Sweden"
"1040",2020-01-23,0,0,"Sweden"
"1041",2020-01-24,0,0,"Sweden"
"1042",2020-01-25,0,0,"Sweden"
"1043",2020-01-26,0,0,"Sweden"
"1044",2020-01-27,0,0,"Sweden"
"1045",2020-01-28,0,0,"Sweden"
"1046",2020-01-29,0,0,"Sweden"
"1047",2020-01-30,0,0,"Sweden"
"1048",2020-01-31,0,0,"Sweden"
"1049",2020-02-01,1,0,"Sweden"
"1050",2020-02-02,0,0,"Sweden"
"1051",2020-02-03,0,0,"Sweden"
"1052",2020-02-04,0,0,"Sweden"
"1053",2020-02-05,0,0,"Sweden"
"1054",2020-02-06,0,0,"Sweden"
"1055",2020-02-07,0,0,"Sweden"
"1056",2020-02-08,0,0,"Sweden"
"1057",2020-02-09,0,0,"Sweden"
"1058",2020-02-10,0,0,"Sweden"
"1059",2020-02-11,0,0,"Sweden"
"1060",2020-02-12,0,0,"Sweden"
"1061",2020-02-13,0,0,"Sweden"
"1062",2020-02-14,0,0,"Sweden"
"1063",2020-02-15,0,0,"Sweden"
"1064",2020-02-16,0,0,"Sweden"
"1065",2020-02-17,0,0,"Sweden"
"1066",2020-02-18,0,0,"Sweden"
"1067",2020-02-19,0,0,"Sweden"
"1068",2020-02-20,0,0,"Sweden"
"1069",2020-02-21,0,0,"Sweden"
"1070",2020-02-22,0,0,"Sweden"
"1071",2020-02-23,0,0,"Sweden"
"1072",2020-02-24,0,0,"Sweden"
"1073",2020-02-25,0,0,"Sweden"
"1074",2020-02-26,0,0,"Sweden"
"1075",2020-02-27,1,0,"Sweden"
"1076",2020-02-28,5,0,"Sweden"
"1077",2020-02-29,5,0,"Sweden"
"1078",2020-03-01,1,0,"Sweden"
"1079",2020-03-02,1,0,"Sweden"
"1080",2020-03-03,1,0,"Sweden"
"1081",2020-03-04,9,0,"Sweden"
"1082",2020-03-05,11,0,"Sweden"
"1083",2020-03-06,26,0,"Sweden"
"1084",2020-03-07,76,0,"Sweden"
"1085",2020-03-08,24,0,"Sweden"
"1086",2020-03-09,42,0,"Sweden"
"1087",2020-03-10,45,0,"Sweden"
"1088",2020-03-11,78,0,"Sweden"
"1089",2020-03-12,136,1,"Sweden"
"1090",2020-03-13,158,0,"Sweden"
"1091",2020-03-14,155,0,"Sweden"
"1092",2020-03-15,149,0,"Sweden"
"1093",2020-03-16,108,2,"Sweden"
"1094",2020-03-17,89,4,"Sweden"
"1095",2020-03-18,46,1,"Sweden"
"1096",2020-03-19,134,2,"Sweden"
"1097",2020-03-20,122,0,"Sweden"
"1098",2020-03-21,200,6,"Sweden"
"1099",2020-03-22,123,4,"Sweden"
"1100",2020-03-23,160,1,"Sweden"
"1101",2020-03-24,110,4,"Sweden"
"1102",2020-03-25,256,11,"Sweden"
"1103",2020-03-26,238,6,"Sweden"
"1104",2020-03-27,296,24,"Sweden"
"1105",2020-03-28,240,26,"Sweden"
"1106",2020-03-29,401,10,"Sweden"
"1107",2020-03-30,253,8,"Sweden"
"1108",2020-03-31,328,36,"Sweden"
"1109",2020-04-01,407,34,"Sweden"
"1110",2020-04-02,512,59,"Sweden"
"1111",2020-04-03,519,43,"Sweden"
"1112",2020-04-04,612,51,"Sweden"
"1113",2020-04-05,365,40,"Sweden"
"1114",2020-04-06,387,28,"Sweden"
"1115",2020-04-07,376,76,"Sweden"
"1116",2020-04-08,487,114,"Sweden"
"1117",2020-04-09,726,96,"Sweden"
"1118",2020-04-10,722,106,"Sweden"
"1119",2020-04-11,544,77,"Sweden"
"1120",2020-04-12,466,17,"Sweden"
"1121",2020-04-13,332,12,"Sweden"
"1122",2020-04-14,465,20,"Sweden"
"1123",2020-04-15,497,114,"Sweden"
"1124",2020-04-16,482,170,"Sweden"
"1125",2020-04-17,613,130,"Sweden"
"1126",2020-04-18,676,67,"Sweden"
"1127",2020-04-19,606,111,"Sweden"
"1128",2020-04-20,563,29,"Sweden"
"1129",2020-04-21,392,40,"Sweden"
"1130",2020-04-22,545,185,"Sweden"
"1131",2020-04-23,682,172,"Sweden"
"1132",2020-04-24,751,84,"Sweden"
"1133",2020-04-25,812,131,"Sweden"
"1134",2020-04-26,610,40,"Sweden"
"1135",2020-04-27,463,2,"Sweden"
"1136",2020-04-28,286,80,"Sweden"
"1137",2020-04-29,695,81,"Sweden"
"1138",2020-04-30,681,107,"Sweden"
"1139",2020-05-01,790,124,"Sweden"
"1140",2020-05-02,428,67,"Sweden"
"1141",2020-05-03,562,16,"Sweden"
"1142",2020-05-04,235,10,"Sweden"
"1143",2020-05-05,404,90,"Sweden"
"1144",2019-12-31,0,0,"Switzerland"
"1145",2020-01-01,0,0,"Switzerland"
"1146",2020-01-02,0,0,"Switzerland"
"1147",2020-01-03,0,0,"Switzerland"
"1148",2020-01-04,0,0,"Switzerland"
"1149",2020-01-05,0,0,"Switzerland"
"1150",2020-01-06,0,0,"Switzerland"
"1151",2020-01-07,0,0,"Switzerland"
"1152",2020-01-08,0,0,"Switzerland"
"1153",2020-01-09,0,0,"Switzerland"
"1154",2020-01-10,0,0,"Switzerland"
"1155",2020-01-11,0,0,"Switzerland"
"1156",2020-01-12,0,0,"Switzerland"
"1157",2020-01-13,0,0,"Switzerland"
"1158",2020-01-14,0,0,"Switzerland"
"1159",2020-01-15,0,0,"Switzerland"
"1160",2020-01-16,0,0,"Switzerland"
"1161",2020-01-17,0,0,"Switzerland"
"1162",2020-01-18,0,0,"Switzerland"
"1163",2020-01-19,0,0,"Switzerland"
"1164",2020-01-20,0,0,"Switzerland"
"1165",2020-01-21,0,0,"Switzerland"
"1166",2020-01-22,0,0,"Switzerland"
"1167",2020-01-23,0,0,"Switzerland"
"1168",2020-01-24,0,0,"Switzerland"
"1169",2020-01-25,0,0,"Switzerland"
"1170",2020-01-26,0,0,"Switzerland"
"1171",2020-01-27,0,0,"Switzerland"
"1172",2020-01-28,0,0,"Switzerland"
"1173",2020-01-29,0,0,"Switzerland"
"1174",2020-01-30,0,0,"Switzerland"
"1175",2020-01-31,0,0,"Switzerland"
"1176",2020-02-01,0,0,"Switzerland"
"1177",2020-02-02,0,0,"Switzerland"
"1178",2020-02-03,0,0,"Switzerland"
"1179",2020-02-04,0,0,"Switzerland"
"1180",2020-02-05,0,0,"Switzerland"
"1181",2020-02-06,0,0,"Switzerland"
"1182",2020-02-07,0,0,"Switzerland"
"1183",2020-02-08,0,0,"Switzerland"
"1184",2020-02-09,0,0,"Switzerland"
"1185",2020-02-10,0,0,"Switzerland"
"1186",2020-02-11,0,0,"Switzerland"
"1187",2020-02-12,0,0,"Switzerland"
"1188",2020-02-13,0,0,"Switzerland"
"1189",2020-02-14,0,0,"Switzerland"
"1190",2020-02-15,0,0,"Switzerland"
"1191",2020-02-16,0,0,"Switzerland"
"1192",2020-02-17,0,0,"Switzerland"
"1193",2020-02-18,0,0,"Switzerland"
"1194",2020-02-19,0,0,"Switzerland"
"1195",2020-02-20,0,0,"Switzerland"
"1196",2020-02-21,0,0,"Switzerland"
"1197",2020-02-22,0,0,"Switzerland"
"1198",2020-02-23,0,0,"Switzerland"
"1199",2020-02-24,0,0,"Switzerland"
"1200",2020-02-25,0,0,"Switzerland"
"1201",2020-02-26,1,0,"Switzerland"
"1202",2020-02-27,0,0,"Switzerland"
"1203",2020-02-28,7,0,"Switzerland"
"1204",2020-02-29,4,0,"Switzerland"
"1205",2020-03-01,6,0,"Switzerland"
"1206",2020-03-02,6,0,"Switzerland"
"1207",2020-03-03,6,0,"Switzerland"
"1208",2020-03-04,7,0,"Switzerland"
"1209",2020-03-05,20,0,"Switzerland"
"1210",2020-03-06,30,1,"Switzerland"
"1211",2020-03-07,122,0,"Switzerland"
"1212",2020-03-08,55,0,"Switzerland"
"1213",2020-03-09,68,1,"Switzerland"
"1214",2020-03-10,42,0,"Switzerland"
"1215",2020-03-11,116,1,"Switzerland"
"1216",2020-03-12,152,1,"Switzerland"
"1217",2020-03-13,212,0,"Switzerland"
"1218",2020-03-14,267,3,"Switzerland"
"1219",2020-03-15,238,4,"Switzerland"
"1220",2020-03-16,841,2,"Switzerland"
"1221",2020-03-17,0,1,"Switzerland"
"1222",2020-03-18,450,5,"Switzerland"
"1223",2020-03-19,360,2,"Switzerland"
"1224",2020-03-20,878,12,"Switzerland"
"1225",2020-03-21,952,10,"Switzerland"
"1226",2020-03-22,1237,13,"Switzerland"
"1227",2020-03-23,894,4,"Switzerland"
"1228",2020-03-24,1044,6,"Switzerland"
"1229",2020-03-25,774,20,"Switzerland"
"1230",2020-03-26,925,17,"Switzerland"
"1231",2020-03-27,1000,58,"Switzerland"
"1232",2020-03-28,1390,36,"Switzerland"
"1233",2020-03-29,1048,38,"Switzerland"
"1234",2020-03-30,1122,22,"Switzerland"
"1235",2020-03-31,1138,38,"Switzerland"
"1236",2020-04-01,696,78,"Switzerland"
"1237",2020-04-02,962,5,"Switzerland"
"1238",2020-04-03,1124,54,"Switzerland"
"1239",2020-04-04,1033,52,"Switzerland"
"1240",2020-04-05,974,56,"Switzerland"
"1241",2020-04-06,821,19,"Switzerland"
"1242",2020-04-07,552,25,"Switzerland"
"1243",2020-04-08,590,57,"Switzerland"
"1244",2020-04-09,546,64,"Switzerland"
"1245",2020-04-10,785,51,"Switzerland"
"1246",2020-04-11,733,49,"Switzerland"
"1247",2020-04-12,592,26,"Switzerland"
"1248",2020-04-13,400,27,"Switzerland"
"1249",2020-04-14,279,0,"Switzerland"
"1250",2020-04-15,254,42,"Switzerland"
"1251",2020-04-16,583,73,"Switzerland"
"1252",2020-04-17,315,43,"Switzerland"
"1253",2020-04-18,346,42,"Switzerland"
"1254",2020-04-19,325,52,"Switzerland"
"1255",2020-04-20,336,24,"Switzerland"
"1256",2020-04-21,168,7,"Switzerland"
"1257",2020-04-22,155,45,"Switzerland"
"1258",2020-04-23,205,30,"Switzerland"
"1259",2020-04-24,228,51,"Switzerland"
"1260",2020-04-25,181,41,"Switzerland"
"1261",2020-04-26,216,20,"Switzerland"
"1262",2020-04-27,167,8,"Switzerland"
"1263",2020-04-28,103,16,"Switzerland"
"1264",2020-04-29,100,27,"Switzerland"
"1265",2020-04-30,143,28,"Switzerland"
"1266",2020-05-01,179,15,"Switzerland"
"1267",2020-05-02,119,12,"Switzerland"
"1268",2020-05-03,112,32,"Switzerland"
"1269",2020-05-04,88,6,"Switzerland"
"1270",2020-05-05,76,4,"Switzerland"
"1271",2019-12-31,0,0,"United_Kingdom"
"1272",2020-01-01,0,0,"United_Kingdom"
"1273",2020-01-02,0,0,"United_Kingdom"
"1274",2020-01-03,0,0,"United_Kingdom"
"1275",2020-01-04,0,0,"United_Kingdom"
"1276",2020-01-05,0,0,"United_Kingdom"
"1277",2020-01-06,0,0,"United_Kingdom"
"1278",2020-01-07,0,0,"United_Kingdom"
"1279",2020-01-08,0,0,"United_Kingdom"
"1280",2020-01-09,0,0,"United_Kingdom"
"1281",2020-01-10,0,0,"United_Kingdom"
"1282",2020-01-11,0,0,"United_Kingdom"
"1283",2020-01-12,0,0,"United_Kingdom"
"1284",2020-01-13,0,0,"United_Kingdom"
"1285",2020-01-14,0,0,"United_Kingdom"
"1286",2020-01-15,0,0,"United_Kingdom"
"1287",2020-01-16,0,0,"United_Kingdom"
"1288",2020-01-17,0,0,"United_Kingdom"
"1289",2020-01-18,0,0,"United_Kingdom"
"1290",2020-01-19,0,0,"United_Kingdom"
"1291",2020-01-20,0,0,"United_Kingdom"
"1292",2020-01-21,0,0,"United_Kingdom"
"1293",2020-01-22,0,0,"United_Kingdom"
"1294",2020-01-23,0,0,"United_Kingdom"
"1295",2020-01-24,0,0,"United_Kingdom"
"1296",2020-01-25,0,0,"United_Kingdom"
"1297",2020-01-26,0,0,"United_Kingdom"
"1298",2020-01-27,0,0,"United_Kingdom"
"1299",2020-01-28,0,0,"United_Kingdom"
"1300",2020-01-29,0,0,"United_Kingdom"
"1301",2020-01-30,0,0,"United_Kingdom"
"1302",2020-01-31,2,0,"United_Kingdom"
"1303",2020-02-01,0,0,"United_Kingdom"
"1304",2020-02-02,0,0,"United_Kingdom"
"1305",2020-02-03,0,0,"United_Kingdom"
"1306",2020-02-04,0,0,"United_Kingdom"
"1307",2020-02-05,0,0,"United_Kingdom"
"1308",2020-02-06,0,0,"United_Kingdom"
"1309",2020-02-07,1,0,"United_Kingdom"
"1310",2020-02-08,0,0,"United_Kingdom"
"1311",2020-02-09,1,0,"United_Kingdom"
"1312",2020-02-10,0,0,"United_Kingdom"
"1313",2020-02-11,4,0,"United_Kingdom"
"1314",2020-02-12,0,0,"United_Kingdom"
"1315",2020-02-13,1,0,"United_Kingdom"
"1316",2020-02-14,0,0,"United_Kingdom"
"1317",2020-02-15,0,0,"United_Kingdom"
"1318",2020-02-16,0,0,"United_Kingdom"
"1319",2020-02-17,0,0,"United_Kingdom"
"1320",2020-02-18,0,0,"United_Kingdom"
"1321",2020-02-19,0,0,"United_Kingdom"
"1322",2020-02-20,0,0,"United_Kingdom"
"1323",2020-02-21,0,0,"United_Kingdom"
"1324",2020-02-22,0,0,"United_Kingdom"
"1325",2020-02-23,0,0,"United_Kingdom"
"1326",2020-02-24,4,0,"United_Kingdom"
"1327",2020-02-25,0,0,"United_Kingdom"
"1328",2020-02-26,0,0,"United_Kingdom"
"1329",2020-02-27,0,0,"United_Kingdom"
"1330",2020-02-28,3,0,"United_Kingdom"
"1331",2020-02-29,2,0,"United_Kingdom"
"1332",2020-03-01,5,0,"United_Kingdom"
"1333",2020-03-02,13,0,"United_Kingdom"
"1334",2020-03-03,4,0,"United_Kingdom"
"1335",2020-03-04,11,0,"United_Kingdom"
"1336",2020-03-05,34,0,"United_Kingdom"
"1337",2020-03-06,30,0,"United_Kingdom"
"1338",2020-03-07,48,1,"United_Kingdom"
"1339",2020-03-08,43,1,"United_Kingdom"
"1340",2020-03-09,67,0,"United_Kingdom"
"1341",2020-03-10,48,1,"United_Kingdom"
"1342",2020-03-11,52,4,"United_Kingdom"
"1343",2020-03-12,83,0,"United_Kingdom"
"1344",2020-03-13,134,2,"United_Kingdom"
"1345",2020-03-14,117,1,"United_Kingdom"
"1346",2020-03-15,433,18,"United_Kingdom"
"1347",2020-03-16,251,15,"United_Kingdom"
"1348",2020-03-17,152,22,"United_Kingdom"
"1349",2020-03-18,407,16,"United_Kingdom"
"1350",2020-03-19,680,34,"United_Kingdom"
"1351",2020-03-20,647,43,"United_Kingdom"
"1352",2020-03-21,706,36,"United_Kingdom"
"1353",2020-03-22,1035,56,"United_Kingdom"
"1354",2020-03-23,665,35,"United_Kingdom"
"1355",2020-03-24,967,74,"United_Kingdom"
"1356",2020-03-25,1427,149,"United_Kingdom"
"1357",2020-03-26,1452,186,"United_Kingdom"
"1358",2020-03-27,2129,183,"United_Kingdom"
"1359",2020-03-28,2885,284,"United_Kingdom"
"1360",2020-03-29,2546,294,"United_Kingdom"
"1361",2020-03-30,2433,214,"United_Kingdom"
"1362",2020-03-31,2619,374,"United_Kingdom"
"1363",2020-04-01,3009,382,"United_Kingdom"
"1364",2020-04-02,4324,670,"United_Kingdom"
"1365",2020-04-03,4244,652,"United_Kingdom"
"1366",2020-04-04,4450,714,"United_Kingdom"
"1367",2020-04-05,3735,760,"United_Kingdom"
"1368",2020-04-06,5903,644,"United_Kingdom"
"1369",2020-04-07,3802,568,"United_Kingdom"
"1370",2020-04-08,3634,1038,"United_Kingdom"
"1371",2020-04-09,5491,1034,"United_Kingdom"
"1372",2020-04-10,4344,1103,"United_Kingdom"
"1373",2020-04-11,5195,1152,"United_Kingdom"
"1374",2020-04-12,8719,839,"United_Kingdom"
"1375",2020-04-13,5288,686,"United_Kingdom"
"1376",2020-04-14,4342,744,"United_Kingdom"
"1377",2020-04-15,5252,1044,"United_Kingdom"
"1378",2020-04-16,4603,842,"United_Kingdom"
"1379",2020-04-17,4617,1029,"United_Kingdom"
"1380",2020-04-18,5599,935,"United_Kingdom"
"1381",2020-04-19,5525,1115,"United_Kingdom"
"1382",2020-04-20,5850,498,"United_Kingdom"
"1383",2020-04-21,4676,559,"United_Kingdom"
"1384",2020-04-22,4301,1172,"United_Kingdom"
"1385",2020-04-23,4451,837,"United_Kingdom"
"1386",2020-04-24,4583,727,"United_Kingdom"
"1387",2020-04-25,5386,1005,"United_Kingdom"
"1388",2020-04-26,4913,843,"United_Kingdom"
"1389",2020-04-27,4463,420,"United_Kingdom"
"1390",2020-04-28,4309,338,"United_Kingdom"
"1391",2020-04-29,3996,909,"United_Kingdom"
"1392",2020-04-30,4076,795,"United_Kingdom"
"1393",2020-05-01,6032,674,"United_Kingdom"
"1394",2020-05-02,6201,739,"United_Kingdom"
"1395",2020-05-03,4806,621,"United_Kingdom"
"1396",2020-05-04,4339,315,"United_Kingdom"
"1397",2020-05-05,3985,288,"United_Kingdom"
