,date,new_confirmed_cases,new_deaths,country
0,2020-02-04,0,0.0,Blekinge
21,2020-02-05,0,0.0,Blekinge
42,2020-02-06,0,0.0,Blekinge
63,2020-02-07,0,0.0,Blekinge
84,2020-02-08,0,0.0,Blekinge
105,2020-02-09,0,0.0,Blekinge
126,2020-02-10,0,0.0,Blekinge
147,2020-02-11,0,0.0,Blekinge
168,2020-02-12,0,0.0,Blekinge
189,2020-02-13,0,0.0,Blekinge
210,2020-02-14,0,0.0,Blekinge
231,2020-02-15,0,0.0,Blekinge
252,2020-02-16,0,0.0,Blekinge
273,2020-02-17,0,0.0,Blekinge
294,2020-02-18,0,0.0,Blekinge
315,2020-02-19,0,0.0,Blekinge
336,2020-02-20,0,0.0,Blekinge
357,2020-02-21,0,0.0,Blekinge
378,2020-02-22,0,0.0,Blekinge
399,2020-02-23,0,0.0,Blekinge
420,2020-02-24,0,0.0,Blekinge
441,2020-02-25,0,0.0,Blekinge
462,2020-02-26,0,0.0,Blekinge
483,2020-02-27,0,0.0,Blekinge
504,2020-02-28,0,0.0,Blekinge
525,2020-02-29,0,0.0,Blekinge
546,2020-03-01,0,0.0,Blekinge
567,2020-03-02,0,0.0,Blekinge
588,2020-03-03,0,0.0,Blekinge
609,2020-03-04,0,0.0,Blekinge
630,2020-03-05,0,0.0,Blekinge
651,2020-03-06,0,0.0,Blekinge
672,2020-03-07,0,0.0,Blekinge
693,2020-03-08,0,0.0,Blekinge
714,2020-03-09,0,0.0,Blekinge
735,2020-03-10,1,0.0,Blekinge
756,2020-03-11,6,0.0025906735751295338,Blekinge
777,2020-03-12,2,0.0,Blekinge
798,2020-03-13,0,0.0025906735751295338,Blekinge
819,2020-03-14,0,0.0025906735751295338,Blekinge
840,2020-03-15,1,0.0051813471502590676,Blekinge
861,2020-03-16,0,0.0051813471502590676,Blekinge
882,2020-03-17,1,0.0025906735751295338,Blekinge
903,2020-03-18,1,0.015544041450777202,Blekinge
924,2020-03-19,0,0.018134715025906738,Blekinge
945,2020-03-20,0,0.023316062176165803,Blekinge
966,2020-03-21,0,0.02072538860103627,Blekinge
987,2020-03-22,0,0.031088082901554404,Blekinge
1008,2020-03-23,0,0.02849740932642487,Blekinge
1029,2020-03-24,0,0.054404145077720206,Blekinge
1050,2020-03-25,3,0.05699481865284974,Blekinge
1071,2020-03-26,0,0.08031088082901554,Blekinge
1092,2020-03-27,2,0.08290155440414508,Blekinge
1113,2020-03-28,0,0.09067357512953368,Blekinge
1134,2020-03-29,4,0.10103626943005183,Blekinge
1155,2020-03-30,0,0.11139896373056996,Blekinge
1176,2020-03-31,1,0.12694300518134716,Blekinge
1197,2020-04-01,5,0.1373056994818653,Blekinge
1297,2020-04-02,3,1.0,Blekinge
1298,2020-04-03,1,0.0,Blekinge
1330,2020-04-04,4,0.0,Blekinge
1359,2020-04-05,1,0.0,Blekinge
1365,2020-04-06,0,0.0,Blekinge
1399,2020-04-07,1,0.0,Blekinge
1409,2020-04-08,2,0.0,Blekinge
1448,2020-04-09,1,0.0,Blekinge
1470,2020-04-10,1,0.0,Blekinge
1480,2020-04-11,0,0.0,Blekinge
1499,2020-04-12,1,0.0,Blekinge
1518,2020-04-13,0,0.0,Blekinge
1559,2020-04-14,1,1.0,Blekinge
1582,2020-04-15,0,0.0,Blekinge
1604,2020-04-16,0,0.0,Blekinge
1626,2020-04-17,0,0.0,Blekinge
1648,2020-04-18,0,0.0,Blekinge
1670,2020-04-19,0,0.0,Blekinge
1692,2020-04-20,1,0.0,Blekinge
1714,2020-04-21,4,0.0,Blekinge
1735,2020-04-22,6,0.0,Blekinge
1758,2020-04-23,2,0.0,Blekinge
1780,2020-04-24,7,0.0,Blekinge
1802,2020-04-25,0,0.0,Blekinge
1823,2020-04-26,1,0.0,Blekinge
1846,2020-04-27,0,0.0,Blekinge
1867,2020-04-28,3,0.0,Blekinge
1884,2020-04-29,6,0.0,Blekinge
1909,2020-04-30,0,0.0,Blekinge
1,2020-02-04,0,0.0,Dalarna
22,2020-02-05,0,0.0,Dalarna
43,2020-02-06,0,0.0,Dalarna
64,2020-02-07,0,0.0,Dalarna
85,2020-02-08,0,0.0,Dalarna
106,2020-02-09,0,0.0,Dalarna
127,2020-02-10,0,0.0,Dalarna
148,2020-02-11,0,0.0,Dalarna
169,2020-02-12,0,0.0,Dalarna
190,2020-02-13,0,0.0,Dalarna
211,2020-02-14,0,0.0,Dalarna
232,2020-02-15,0,0.0,Dalarna
253,2020-02-16,0,0.0,Dalarna
274,2020-02-17,0,0.0,Dalarna
295,2020-02-18,0,0.0,Dalarna
316,2020-02-19,0,0.0,Dalarna
337,2020-02-20,0,0.0,Dalarna
358,2020-02-21,0,0.0,Dalarna
379,2020-02-22,0,0.0,Dalarna
400,2020-02-23,0,0.0,Dalarna
421,2020-02-24,0,0.0,Dalarna
442,2020-02-25,0,0.0,Dalarna
463,2020-02-26,0,0.0,Dalarna
484,2020-02-27,0,0.0,Dalarna
505,2020-02-28,0,0.0,Dalarna
526,2020-02-29,0,0.0,Dalarna
547,2020-03-01,0,0.0,Dalarna
568,2020-03-02,0,0.0,Dalarna
589,2020-03-03,0,0.0,Dalarna
610,2020-03-04,0,0.0,Dalarna
631,2020-03-05,0,0.0,Dalarna
652,2020-03-06,0,0.0,Dalarna
673,2020-03-07,0,0.0,Dalarna
694,2020-03-08,0,0.0,Dalarna
715,2020-03-09,0,0.0,Dalarna
736,2020-03-10,0,0.0,Dalarna
757,2020-03-11,1,0.03367875647668394,Dalarna
778,2020-03-12,3,0.0,Dalarna
799,2020-03-13,1,0.03367875647668394,Dalarna
820,2020-03-14,0,0.03367875647668394,Dalarna
841,2020-03-15,0,0.06735751295336788,Dalarna
862,2020-03-16,0,0.06735751295336788,Dalarna
883,2020-03-17,3,0.03367875647668394,Dalarna
904,2020-03-18,2,0.2020725388601036,Dalarna
925,2020-03-19,2,0.23575129533678754,Dalarna
946,2020-03-20,5,0.30310880829015546,Dalarna
967,2020-03-21,0,0.2694300518134715,Dalarna
988,2020-03-22,5,0.4041450777202072,Dalarna
1009,2020-03-23,9,0.37046632124352336,Dalarna
1030,2020-03-24,9,0.7072538860103627,Dalarna
1051,2020-03-25,13,0.7409326424870467,Dalarna
1072,2020-03-26,8,1.044041450777202,Dalarna
1093,2020-03-27,15,1.077720207253886,Dalarna
1114,2020-03-28,6,1.1787564766839378,Dalarna
1135,2020-03-29,10,1.3134715025906736,Dalarna
1156,2020-03-30,9,1.4481865284974094,Dalarna
1177,2020-03-31,23,1.650259067357513,Dalarna
1198,2020-04-01,19,1.7849740932642488,Dalarna
1277,2020-04-02,6,13.0,Dalarna
1299,2020-04-03,20,1.0,Dalarna
1332,2020-04-04,18,2.0,Dalarna
1358,2020-04-05,7,0.0,Dalarna
1366,2020-04-06,16,5.0,Dalarna
1398,2020-04-07,28,1.0,Dalarna
1410,2020-04-08,28,5.0,Dalarna
1430,2020-04-09,29,6.0,Dalarna
1453,2020-04-10,17,2.0,Dalarna
1494,2020-04-11,9,1.0,Dalarna
1498,2020-04-12,31,1.0,Dalarna
1519,2020-04-13,12,0.0,Dalarna
1561,2020-04-14,12,6.0,Dalarna
1581,2020-04-15,28,4.0,Dalarna
1603,2020-04-16,25,1.0,Dalarna
1625,2020-04-17,26,15.0,Dalarna
1647,2020-04-18,27,0.0,Dalarna
1669,2020-04-19,8,0.0,Dalarna
1691,2020-04-20,10,0.0,Dalarna
1713,2020-04-21,35,2.0,Dalarna
1734,2020-04-22,33,7.0,Dalarna
1757,2020-04-23,42,1.0,Dalarna
1779,2020-04-24,29,6.0,Dalarna
1801,2020-04-25,45,0.0,Dalarna
1822,2020-04-26,5,0.0,Dalarna
1845,2020-04-27,8,3.0,Dalarna
1866,2020-04-28,35,1.0,Dalarna
1885,2020-04-29,52,7.0,Dalarna
1908,2020-04-30,0,0.0,Dalarna
2,2020-02-04,0,0.0,Gotland
23,2020-02-05,0,0.0,Gotland
44,2020-02-06,0,0.0,Gotland
65,2020-02-07,0,0.0,Gotland
86,2020-02-08,0,0.0,Gotland
107,2020-02-09,0,0.0,Gotland
128,2020-02-10,0,0.0,Gotland
149,2020-02-11,0,0.0,Gotland
170,2020-02-12,0,0.0,Gotland
191,2020-02-13,0,0.0,Gotland
212,2020-02-14,0,0.0,Gotland
233,2020-02-15,0,0.0,Gotland
254,2020-02-16,0,0.0,Gotland
275,2020-02-17,0,0.0,Gotland
296,2020-02-18,0,0.0,Gotland
317,2020-02-19,0,0.0,Gotland
338,2020-02-20,0,0.0,Gotland
359,2020-02-21,0,0.0,Gotland
380,2020-02-22,0,0.0,Gotland
401,2020-02-23,0,0.0,Gotland
422,2020-02-24,0,0.0,Gotland
443,2020-02-25,0,0.0,Gotland
464,2020-02-26,0,0.0,Gotland
485,2020-02-27,0,0.0,Gotland
506,2020-02-28,0,0.0,Gotland
527,2020-02-29,0,0.0,Gotland
548,2020-03-01,0,0.0,Gotland
569,2020-03-02,0,0.0,Gotland
590,2020-03-03,0,0.0,Gotland
611,2020-03-04,0,0.0,Gotland
632,2020-03-05,0,0.0,Gotland
653,2020-03-06,0,0.0,Gotland
674,2020-03-07,0,0.0,Gotland
695,2020-03-08,0,0.0,Gotland
716,2020-03-09,0,0.0,Gotland
737,2020-03-10,0,0.0,Gotland
758,2020-03-11,2,0.0,Gotland
779,2020-03-12,0,0.0,Gotland
800,2020-03-13,0,0.0,Gotland
821,2020-03-14,0,0.0,Gotland
842,2020-03-15,0,0.0,Gotland
863,2020-03-16,0,0.0,Gotland
884,2020-03-17,1,0.0,Gotland
905,2020-03-18,1,0.0,Gotland
926,2020-03-19,1,0.0,Gotland
947,2020-03-20,0,0.0,Gotland
968,2020-03-21,0,0.0,Gotland
989,2020-03-22,0,0.0,Gotland
1010,2020-03-23,0,0.0,Gotland
1031,2020-03-24,0,0.0,Gotland
1052,2020-03-25,1,0.0,Gotland
1073,2020-03-26,4,0.0,Gotland
1094,2020-03-27,1,0.0,Gotland
1115,2020-03-28,0,0.0,Gotland
1136,2020-03-29,0,0.0,Gotland
1157,2020-03-30,0,0.0,Gotland
1178,2020-03-31,1,0.0,Gotland
1199,2020-04-01,0,0.0,Gotland
1278,2020-04-02,0,0.0,Gotland
1300,2020-04-03,1,0.0,Gotland
1329,2020-04-04,0,0.0,Gotland
1357,2020-04-05,0,0.0,Gotland
1367,2020-04-06,0,0.0,Gotland
1397,2020-04-07,0,0.0,Gotland
1411,2020-04-08,1,0.0,Gotland
1447,2020-04-09,1,0.0,Gotland
1454,2020-04-10,0,0.0,Gotland
1493,2020-04-11,0,0.0,Gotland
1497,2020-04-12,0,0.0,Gotland
1520,2020-04-13,0,0.0,Gotland
1557,2020-04-14,0,0.0,Gotland
1580,2020-04-15,2,0.0,Gotland
1602,2020-04-16,1,0.0,Gotland
1624,2020-04-17,0,1.0,Gotland
1646,2020-04-18,0,0.0,Gotland
1668,2020-04-19,0,0.0,Gotland
1690,2020-04-20,1,0.0,Gotland
1712,2020-04-21,0,0.0,Gotland
1733,2020-04-22,3,0.0,Gotland
1756,2020-04-23,2,0.0,Gotland
1778,2020-04-24,1,0.0,Gotland
1800,2020-04-25,3,0.0,Gotland
1821,2020-04-26,3,0.0,Gotland
1844,2020-04-27,4,0.0,Gotland
1865,2020-04-28,4,0.0,Gotland
1886,2020-04-29,6,0.0,Gotland
1907,2020-04-30,1,0.0,Gotland
3,2020-02-04,0,0.0,Gävleborg
24,2020-02-05,0,0.0,Gävleborg
45,2020-02-06,0,0.0,Gävleborg
66,2020-02-07,0,0.0,Gävleborg
87,2020-02-08,0,0.0,Gävleborg
108,2020-02-09,0,0.0,Gävleborg
129,2020-02-10,0,0.0,Gävleborg
150,2020-02-11,0,0.0,Gävleborg
171,2020-02-12,0,0.0,Gävleborg
192,2020-02-13,0,0.0,Gävleborg
213,2020-02-14,0,0.0,Gävleborg
234,2020-02-15,0,0.0,Gävleborg
255,2020-02-16,0,0.0,Gävleborg
276,2020-02-17,0,0.0,Gävleborg
297,2020-02-18,0,0.0,Gävleborg
318,2020-02-19,0,0.0,Gävleborg
339,2020-02-20,0,0.0,Gävleborg
360,2020-02-21,0,0.0,Gävleborg
381,2020-02-22,0,0.0,Gävleborg
402,2020-02-23,0,0.0,Gävleborg
423,2020-02-24,0,0.0,Gävleborg
444,2020-02-25,0,0.0,Gävleborg
465,2020-02-26,0,0.0,Gävleborg
486,2020-02-27,0,0.0,Gävleborg
507,2020-02-28,0,0.0,Gävleborg
528,2020-02-29,0,0.0,Gävleborg
549,2020-03-01,0,0.0,Gävleborg
570,2020-03-02,0,0.0,Gävleborg
591,2020-03-03,0,0.0,Gävleborg
612,2020-03-04,0,0.0,Gävleborg
633,2020-03-05,0,0.0,Gävleborg
654,2020-03-06,2,0.0,Gävleborg
675,2020-03-07,0,0.0,Gävleborg
696,2020-03-08,0,0.0,Gävleborg
717,2020-03-09,0,0.0,Gävleborg
738,2020-03-10,0,0.0,Gävleborg
759,2020-03-11,1,0.010362694300518135,Gävleborg
780,2020-03-12,2,0.0,Gävleborg
801,2020-03-13,1,0.010362694300518135,Gävleborg
822,2020-03-14,1,0.010362694300518135,Gävleborg
843,2020-03-15,0,0.02072538860103627,Gävleborg
864,2020-03-16,2,0.02072538860103627,Gävleborg
885,2020-03-17,4,0.010362694300518135,Gävleborg
906,2020-03-18,2,0.06217616580310881,Gävleborg
927,2020-03-19,0,0.07253886010362695,Gävleborg
948,2020-03-20,5,0.09326424870466321,Gävleborg
969,2020-03-21,4,0.08290155440414508,Gävleborg
990,2020-03-22,0,0.12435233160621761,Gävleborg
1011,2020-03-23,3,0.11398963730569948,Gävleborg
1032,2020-03-24,5,0.21761658031088082,Gävleborg
1053,2020-03-25,7,0.22797927461139897,Gävleborg
1074,2020-03-26,5,0.32124352331606215,Gävleborg
1095,2020-03-27,9,0.3316062176165803,Gävleborg
1116,2020-03-28,12,0.3626943005181347,Gävleborg
1137,2020-03-29,11,0.4041450777202073,Gävleborg
1158,2020-03-30,10,0.4455958549222798,Gävleborg
1179,2020-03-31,14,0.5077720207253886,Gävleborg
1200,2020-04-01,30,0.5492227979274612,Gävleborg
1279,2020-04-02,17,4.0,Gävleborg
1301,2020-04-03,16,0.0,Gävleborg
1328,2020-04-04,12,0.0,Gävleborg
1356,2020-04-05,7,0.0,Gävleborg
1368,2020-04-06,12,0.0,Gävleborg
1396,2020-04-07,16,1.0,Gävleborg
1412,2020-04-08,17,12.0,Gävleborg
1446,2020-04-09,18,3.0,Gävleborg
1455,2020-04-10,18,7.0,Gävleborg
1482,2020-04-11,10,0.0,Gävleborg
1504,2020-04-12,17,0.0,Gävleborg
1539,2020-04-13,11,0.0,Gävleborg
1548,2020-04-14,11,6.0,Gävleborg
1579,2020-04-15,17,2.0,Gävleborg
1601,2020-04-16,21,0.0,Gävleborg
1623,2020-04-17,24,1.0,Gävleborg
1645,2020-04-18,29,0.0,Gävleborg
1667,2020-04-19,8,0.0,Gävleborg
1689,2020-04-20,4,3.0,Gävleborg
1711,2020-04-21,22,1.0,Gävleborg
1732,2020-04-22,22,4.0,Gävleborg
1755,2020-04-23,13,1.0,Gävleborg
1777,2020-04-24,19,2.0,Gävleborg
1799,2020-04-25,23,1.0,Gävleborg
1820,2020-04-26,6,0.0,Gävleborg
1843,2020-04-27,11,4.0,Gävleborg
1864,2020-04-28,16,0.0,Gävleborg
1891,2020-04-29,21,3.0,Gävleborg
1906,2020-04-30,3,0.0,Gävleborg
4,2020-02-04,0,0.0,Halland
25,2020-02-05,0,0.0,Halland
46,2020-02-06,0,0.0,Halland
67,2020-02-07,0,0.0,Halland
88,2020-02-08,0,0.0,Halland
109,2020-02-09,0,0.0,Halland
130,2020-02-10,0,0.0,Halland
151,2020-02-11,0,0.0,Halland
172,2020-02-12,0,0.0,Halland
193,2020-02-13,0,0.0,Halland
214,2020-02-14,0,0.0,Halland
235,2020-02-15,0,0.0,Halland
256,2020-02-16,0,0.0,Halland
277,2020-02-17,0,0.0,Halland
298,2020-02-18,0,0.0,Halland
319,2020-02-19,0,0.0,Halland
340,2020-02-20,0,0.0,Halland
361,2020-02-21,0,0.0,Halland
382,2020-02-22,0,0.0,Halland
403,2020-02-23,0,0.0,Halland
424,2020-02-24,0,0.0,Halland
445,2020-02-25,0,0.0,Halland
466,2020-02-26,0,0.0,Halland
487,2020-02-27,0,0.0,Halland
508,2020-02-28,0,0.0,Halland
529,2020-02-29,0,0.0,Halland
550,2020-03-01,0,0.0,Halland
571,2020-03-02,0,0.0,Halland
592,2020-03-03,0,0.0,Halland
613,2020-03-04,0,0.0,Halland
634,2020-03-05,0,0.0,Halland
655,2020-03-06,0,0.0,Halland
676,2020-03-07,0,0.0,Halland
697,2020-03-08,1,0.0,Halland
718,2020-03-09,4,0.0,Halland
739,2020-03-10,1,0.0,Halland
760,2020-03-11,16,0.02072538860103627,Halland
781,2020-03-12,9,0.0,Halland
802,2020-03-13,9,0.02072538860103627,Halland
823,2020-03-14,0,0.02072538860103627,Halland
844,2020-03-15,2,0.04145077720207254,Halland
865,2020-03-16,1,0.04145077720207254,Halland
886,2020-03-17,3,0.02072538860103627,Halland
907,2020-03-18,2,0.12435233160621761,Halland
928,2020-03-19,2,0.1450777202072539,Halland
949,2020-03-20,5,0.18652849740932642,Halland
970,2020-03-21,3,0.16580310880829016,Halland
991,2020-03-22,1,0.24870466321243523,Halland
1012,2020-03-23,4,0.22797927461139897,Halland
1033,2020-03-24,0,0.43523316062176165,Halland
1054,2020-03-25,7,0.45595854922279794,Halland
1075,2020-03-26,9,0.6424870466321243,Halland
1096,2020-03-27,3,0.6632124352331606,Halland
1117,2020-03-28,6,0.7253886010362695,Halland
1138,2020-03-29,2,0.8082901554404146,Halland
1159,2020-03-30,5,0.8911917098445596,Halland
1180,2020-03-31,7,1.0155440414507773,Halland
1201,2020-04-01,4,1.0984455958549224,Halland
1280,2020-04-02,9,8.0,Halland
1302,2020-04-03,12,0.0,Halland
1327,2020-04-04,2,1.0,Halland
1355,2020-04-05,3,2.0,Halland
1385,2020-04-06,10,1.0,Halland
1395,2020-04-07,13,2.0,Halland
1413,2020-04-08,9,0.0,Halland
1445,2020-04-09,12,1.0,Halland
1456,2020-04-10,4,0.0,Halland
1474,2020-04-11,2,0.0,Halland
1517,2020-04-12,3,0.0,Halland
1526,2020-04-13,3,0.0,Halland
1540,2020-04-14,6,1.0,Halland
1571,2020-04-15,6,1.0,Halland
1600,2020-04-16,15,4.0,Halland
1622,2020-04-17,9,2.0,Halland
1644,2020-04-18,7,0.0,Halland
1666,2020-04-19,6,0.0,Halland
1688,2020-04-20,10,0.0,Halland
1710,2020-04-21,17,1.0,Halland
1731,2020-04-22,19,2.0,Halland
1754,2020-04-23,11,2.0,Halland
1776,2020-04-24,8,1.0,Halland
1798,2020-04-25,1,0.0,Halland
1819,2020-04-26,2,0.0,Halland
1842,2020-04-27,14,2.0,Halland
1863,2020-04-28,34,0.0,Halland
1888,2020-04-29,10,0.0,Halland
1902,2020-04-30,3,3.0,Halland
5,2020-02-04,0,0.0,Jämtland Härjedalen
26,2020-02-05,0,0.0,Jämtland Härjedalen
47,2020-02-06,0,0.0,Jämtland Härjedalen
68,2020-02-07,0,0.0,Jämtland Härjedalen
89,2020-02-08,0,0.0,Jämtland Härjedalen
110,2020-02-09,0,0.0,Jämtland Härjedalen
131,2020-02-10,0,0.0,Jämtland Härjedalen
152,2020-02-11,0,0.0,Jämtland Härjedalen
173,2020-02-12,0,0.0,Jämtland Härjedalen
194,2020-02-13,0,0.0,Jämtland Härjedalen
215,2020-02-14,0,0.0,Jämtland Härjedalen
236,2020-02-15,0,0.0,Jämtland Härjedalen
257,2020-02-16,0,0.0,Jämtland Härjedalen
278,2020-02-17,0,0.0,Jämtland Härjedalen
299,2020-02-18,0,0.0,Jämtland Härjedalen
320,2020-02-19,0,0.0,Jämtland Härjedalen
341,2020-02-20,0,0.0,Jämtland Härjedalen
362,2020-02-21,0,0.0,Jämtland Härjedalen
383,2020-02-22,0,0.0,Jämtland Härjedalen
404,2020-02-23,0,0.0,Jämtland Härjedalen
425,2020-02-24,0,0.0,Jämtland Härjedalen
446,2020-02-25,0,0.0,Jämtland Härjedalen
467,2020-02-26,0,0.0,Jämtland Härjedalen
488,2020-02-27,0,0.0,Jämtland Härjedalen
509,2020-02-28,0,0.0,Jämtland Härjedalen
530,2020-02-29,0,0.0,Jämtland Härjedalen
551,2020-03-01,0,0.0,Jämtland Härjedalen
572,2020-03-02,0,0.0,Jämtland Härjedalen
593,2020-03-03,0,0.0,Jämtland Härjedalen
614,2020-03-04,0,0.0,Jämtland Härjedalen
635,2020-03-05,0,0.0,Jämtland Härjedalen
656,2020-03-06,0,0.0,Jämtland Härjedalen
677,2020-03-07,0,0.0,Jämtland Härjedalen
698,2020-03-08,0,0.0,Jämtland Härjedalen
719,2020-03-09,0,0.0,Jämtland Härjedalen
740,2020-03-10,0,0.0,Jämtland Härjedalen
761,2020-03-11,3,0.0,Jämtland Härjedalen
782,2020-03-12,5,0.0,Jämtland Härjedalen
803,2020-03-13,3,0.0,Jämtland Härjedalen
824,2020-03-14,3,0.0,Jämtland Härjedalen
845,2020-03-15,7,0.0,Jämtland Härjedalen
866,2020-03-16,1,0.0,Jämtland Härjedalen
887,2020-03-17,0,0.0,Jämtland Härjedalen
908,2020-03-18,4,0.0,Jämtland Härjedalen
929,2020-03-19,1,0.0,Jämtland Härjedalen
950,2020-03-20,3,0.0,Jämtland Härjedalen
971,2020-03-21,14,0.0,Jämtland Härjedalen
992,2020-03-22,9,0.0,Jämtland Härjedalen
1013,2020-03-23,0,0.0,Jämtland Härjedalen
1034,2020-03-24,4,0.0,Jämtland Härjedalen
1055,2020-03-25,2,0.0,Jämtland Härjedalen
1076,2020-03-26,7,0.0,Jämtland Härjedalen
1097,2020-03-27,3,0.0,Jämtland Härjedalen
1118,2020-03-28,8,0.0,Jämtland Härjedalen
1139,2020-03-29,2,0.0,Jämtland Härjedalen
1160,2020-03-30,2,0.0,Jämtland Härjedalen
1181,2020-03-31,1,0.0,Jämtland Härjedalen
1202,2020-04-01,0,0.0,Jämtland Härjedalen
1281,2020-04-02,4,0.0,Jämtland Härjedalen
1303,2020-04-03,2,0.0,Jämtland Härjedalen
1325,2020-04-04,2,0.0,Jämtland Härjedalen
1354,2020-04-05,0,0.0,Jämtland Härjedalen
1369,2020-04-06,5,0.0,Jämtland Härjedalen
1394,2020-04-07,5,0.0,Jämtland Härjedalen
1414,2020-04-08,8,0.0,Jämtland Härjedalen
1444,2020-04-09,8,0.0,Jämtland Härjedalen
1457,2020-04-10,8,0.0,Jämtland Härjedalen
1491,2020-04-11,2,0.0,Jämtland Härjedalen
1496,2020-04-12,6,0.0,Jämtland Härjedalen
1523,2020-04-13,6,0.0,Jämtland Härjedalen
1542,2020-04-14,14,0.0,Jämtland Härjedalen
1564,2020-04-15,15,0.0,Jämtland Härjedalen
1584,2020-04-16,12,1.0,Jämtland Härjedalen
1614,2020-04-17,19,0.0,Jämtland Härjedalen
1643,2020-04-18,9,0.0,Jämtland Härjedalen
1665,2020-04-19,6,0.0,Jämtland Härjedalen
1687,2020-04-20,1,0.0,Jämtland Härjedalen
1709,2020-04-21,13,0.0,Jämtland Härjedalen
1737,2020-04-22,17,9.0,Jämtland Härjedalen
1753,2020-04-23,8,0.0,Jämtland Härjedalen
1775,2020-04-24,10,1.0,Jämtland Härjedalen
1797,2020-04-25,13,0.0,Jämtland Härjedalen
1818,2020-04-26,1,0.0,Jämtland Härjedalen
1841,2020-04-27,6,0.0,Jämtland Härjedalen
1862,2020-04-28,11,0.0,Jämtland Härjedalen
1889,2020-04-29,18,0.0,Jämtland Härjedalen
1905,2020-04-30,11,0.0,Jämtland Härjedalen
6,2020-02-04,1,0.0,Jönköping
27,2020-02-05,0,0.0,Jönköping
48,2020-02-06,0,0.0,Jönköping
69,2020-02-07,0,0.0,Jönköping
90,2020-02-08,0,0.0,Jönköping
111,2020-02-09,0,0.0,Jönköping
132,2020-02-10,0,0.0,Jönköping
153,2020-02-11,0,0.0,Jönköping
174,2020-02-12,0,0.0,Jönköping
195,2020-02-13,0,0.0,Jönköping
216,2020-02-14,0,0.0,Jönköping
237,2020-02-15,0,0.0,Jönköping
258,2020-02-16,0,0.0,Jönköping
279,2020-02-17,0,0.0,Jönköping
300,2020-02-18,0,0.0,Jönköping
321,2020-02-19,0,0.0,Jönköping
342,2020-02-20,0,0.0,Jönköping
363,2020-02-21,0,0.0,Jönköping
384,2020-02-22,0,0.0,Jönköping
405,2020-02-23,0,0.0,Jönköping
426,2020-02-24,0,0.0,Jönköping
447,2020-02-25,0,0.0,Jönköping
468,2020-02-26,0,0.0,Jönköping
489,2020-02-27,0,0.0,Jönköping
510,2020-02-28,1,0.0,Jönköping
531,2020-02-29,0,0.0,Jönköping
552,2020-03-01,0,0.0,Jönköping
573,2020-03-02,0,0.0,Jönköping
594,2020-03-03,0,0.0,Jönköping
615,2020-03-04,0,0.0,Jönköping
636,2020-03-05,0,0.0,Jönköping
657,2020-03-06,0,0.0,Jönköping
678,2020-03-07,0,0.0,Jönköping
699,2020-03-08,2,0.0,Jönköping
720,2020-03-09,6,0.0,Jönköping
741,2020-03-10,0,0.0,Jönköping
762,2020-03-11,16,0.02849740932642487,Jönköping
783,2020-03-12,7,0.0,Jönköping
804,2020-03-13,4,0.02849740932642487,Jönköping
825,2020-03-14,0,0.02849740932642487,Jönköping
846,2020-03-15,4,0.05699481865284974,Jönköping
867,2020-03-16,2,0.05699481865284974,Jönköping
888,2020-03-17,1,0.02849740932642487,Jönköping
909,2020-03-18,2,0.17098445595854925,Jönköping
930,2020-03-19,2,0.1994818652849741,Jönköping
951,2020-03-20,3,0.25647668393782386,Jönköping
972,2020-03-21,4,0.22797927461139897,Jönköping
993,2020-03-22,1,0.3419689119170985,Jönköping
1014,2020-03-23,2,0.3134715025906736,Jönköping
1035,2020-03-24,5,0.5984455958549223,Jönköping
1056,2020-03-25,7,0.6269430051813472,Jönköping
1077,2020-03-26,9,0.8834196891191711,Jönköping
1098,2020-03-27,15,0.9119170984455959,Jönköping
1119,2020-03-28,9,0.9974093264248707,Jönköping
1140,2020-03-29,8,1.1113989637305701,Jönköping
1161,2020-03-30,15,1.2253886010362696,Jönköping
1182,2020-03-31,17,1.3963730569948187,Jönköping
1203,2020-04-01,13,1.5103626943005182,Jönköping
1282,2020-04-02,32,11.0,Jönköping
1312,2020-04-03,29,2.0,Jönköping
1326,2020-04-04,15,0.0,Jönköping
1353,2020-04-05,12,0.0,Jönköping
1370,2020-04-06,10,0.0,Jönköping
1393,2020-04-07,23,2.0,Jönköping
1415,2020-04-08,18,5.0,Jönköping
1443,2020-04-09,21,3.0,Jönköping
1458,2020-04-10,19,1.0,Jönköping
1490,2020-04-11,5,0.0,Jönköping
1515,2020-04-12,9,1.0,Jönköping
1524,2020-04-13,5,0.0,Jönköping
1543,2020-04-14,12,8.0,Jönköping
1565,2020-04-15,28,1.0,Jönköping
1599,2020-04-16,23,3.0,Jönköping
1606,2020-04-17,36,1.0,Jönköping
1628,2020-04-18,35,0.0,Jönköping
1658,2020-04-19,15,0.0,Jönköping
1679,2020-04-20,8,1.0,Jönköping
1708,2020-04-21,49,2.0,Jönköping
1729,2020-04-22,31,6.0,Jönköping
1752,2020-04-23,46,2.0,Jönköping
1774,2020-04-24,24,2.0,Jönköping
1796,2020-04-25,19,0.0,Jönköping
1817,2020-04-26,5,0.0,Jönköping
1840,2020-04-27,23,2.0,Jönköping
1861,2020-04-28,18,0.0,Jönköping
1890,2020-04-29,43,12.0,Jönköping
1904,2020-04-30,3,2.0,Jönköping
7,2020-02-04,0,0.0,Kalmar
28,2020-02-05,0,0.0,Kalmar
49,2020-02-06,0,0.0,Kalmar
70,2020-02-07,0,0.0,Kalmar
91,2020-02-08,0,0.0,Kalmar
112,2020-02-09,0,0.0,Kalmar
133,2020-02-10,0,0.0,Kalmar
154,2020-02-11,0,0.0,Kalmar
175,2020-02-12,0,0.0,Kalmar
196,2020-02-13,0,0.0,Kalmar
217,2020-02-14,0,0.0,Kalmar
238,2020-02-15,0,0.0,Kalmar
259,2020-02-16,0,0.0,Kalmar
280,2020-02-17,0,0.0,Kalmar
301,2020-02-18,0,0.0,Kalmar
322,2020-02-19,0,0.0,Kalmar
343,2020-02-20,0,0.0,Kalmar
364,2020-02-21,0,0.0,Kalmar
385,2020-02-22,0,0.0,Kalmar
406,2020-02-23,0,0.0,Kalmar
427,2020-02-24,0,0.0,Kalmar
448,2020-02-25,0,0.0,Kalmar
469,2020-02-26,0,0.0,Kalmar
490,2020-02-27,0,0.0,Kalmar
511,2020-02-28,0,0.0,Kalmar
532,2020-02-29,0,0.0,Kalmar
553,2020-03-01,0,0.0,Kalmar
574,2020-03-02,0,0.0,Kalmar
595,2020-03-03,0,0.0,Kalmar
616,2020-03-04,0,0.0,Kalmar
637,2020-03-05,0,0.0,Kalmar
658,2020-03-06,0,0.0,Kalmar
679,2020-03-07,0,0.0,Kalmar
700,2020-03-08,0,0.0,Kalmar
721,2020-03-09,0,0.0,Kalmar
742,2020-03-10,1,0.0,Kalmar
763,2020-03-11,2,0.0025906735751295338,Kalmar
784,2020-03-12,2,0.0,Kalmar
805,2020-03-13,0,0.0025906735751295338,Kalmar
826,2020-03-14,2,0.0025906735751295338,Kalmar
847,2020-03-15,0,0.0051813471502590676,Kalmar
868,2020-03-16,0,0.0051813471502590676,Kalmar
889,2020-03-17,0,0.0025906735751295338,Kalmar
910,2020-03-18,1,0.015544041450777202,Kalmar
931,2020-03-19,1,0.018134715025906738,Kalmar
952,2020-03-20,1,0.023316062176165803,Kalmar
973,2020-03-21,1,0.02072538860103627,Kalmar
994,2020-03-22,1,0.031088082901554404,Kalmar
1015,2020-03-23,3,0.02849740932642487,Kalmar
1036,2020-03-24,1,0.054404145077720206,Kalmar
1057,2020-03-25,2,0.05699481865284974,Kalmar
1078,2020-03-26,6,0.08031088082901554,Kalmar
1099,2020-03-27,5,0.08290155440414508,Kalmar
1120,2020-03-28,1,0.09067357512953368,Kalmar
1141,2020-03-29,1,0.10103626943005183,Kalmar
1162,2020-03-30,3,0.11139896373056996,Kalmar
1183,2020-03-31,2,0.12694300518134716,Kalmar
1204,2020-04-01,5,0.1373056994818653,Kalmar
1283,2020-04-02,5,1.0,Kalmar
1304,2020-04-03,2,0.0,Kalmar
1331,2020-04-04,1,0.0,Kalmar
1352,2020-04-05,3,0.0,Kalmar
1371,2020-04-06,6,0.0,Kalmar
1392,2020-04-07,4,2.0,Kalmar
1416,2020-04-08,2,1.0,Kalmar
1442,2020-04-09,1,0.0,Kalmar
1459,2020-04-10,1,0.0,Kalmar
1489,2020-04-11,3,0.0,Kalmar
1514,2020-04-12,2,0.0,Kalmar
1525,2020-04-13,6,0.0,Kalmar
1544,2020-04-14,5,1.0,Kalmar
1566,2020-04-15,2,0.0,Kalmar
1598,2020-04-16,4,1.0,Kalmar
1607,2020-04-17,5,0.0,Kalmar
1629,2020-04-18,2,0.0,Kalmar
1650,2020-04-19,4,0.0,Kalmar
1672,2020-04-20,6,0.0,Kalmar
1701,2020-04-21,11,0.0,Kalmar
1724,2020-04-22,11,1.0,Kalmar
1751,2020-04-23,11,3.0,Kalmar
1773,2020-04-24,1,0.0,Kalmar
1795,2020-04-25,1,0.0,Kalmar
1824,2020-04-26,2,0.0,Kalmar
1838,2020-04-27,7,0.0,Kalmar
1860,2020-04-28,5,1.0,Kalmar
1882,2020-04-29,11,0.0,Kalmar
1903,2020-04-30,2,1.0,Kalmar
8,2020-02-04,0,0.0,Kronoberg
29,2020-02-05,0,0.0,Kronoberg
50,2020-02-06,0,0.0,Kronoberg
71,2020-02-07,0,0.0,Kronoberg
92,2020-02-08,0,0.0,Kronoberg
113,2020-02-09,0,0.0,Kronoberg
134,2020-02-10,0,0.0,Kronoberg
155,2020-02-11,0,0.0,Kronoberg
176,2020-02-12,0,0.0,Kronoberg
197,2020-02-13,0,0.0,Kronoberg
218,2020-02-14,0,0.0,Kronoberg
239,2020-02-15,0,0.0,Kronoberg
260,2020-02-16,0,0.0,Kronoberg
281,2020-02-17,0,0.0,Kronoberg
302,2020-02-18,0,0.0,Kronoberg
323,2020-02-19,0,0.0,Kronoberg
344,2020-02-20,0,0.0,Kronoberg
365,2020-02-21,0,0.0,Kronoberg
386,2020-02-22,0,0.0,Kronoberg
407,2020-02-23,0,0.0,Kronoberg
428,2020-02-24,0,0.0,Kronoberg
449,2020-02-25,0,0.0,Kronoberg
470,2020-02-26,0,0.0,Kronoberg
491,2020-02-27,0,0.0,Kronoberg
512,2020-02-28,0,0.0,Kronoberg
533,2020-02-29,0,0.0,Kronoberg
554,2020-03-01,0,0.0,Kronoberg
575,2020-03-02,0,0.0,Kronoberg
596,2020-03-03,0,0.0,Kronoberg
617,2020-03-04,0,0.0,Kronoberg
638,2020-03-05,0,0.0,Kronoberg
659,2020-03-06,0,0.0,Kronoberg
680,2020-03-07,0,0.0,Kronoberg
701,2020-03-08,0,0.0,Kronoberg
722,2020-03-09,0,0.0,Kronoberg
743,2020-03-10,1,0.0,Kronoberg
764,2020-03-11,7,0.0,Kronoberg
785,2020-03-12,2,0.0,Kronoberg
806,2020-03-13,3,0.0,Kronoberg
827,2020-03-14,1,0.0,Kronoberg
848,2020-03-15,1,0.0,Kronoberg
869,2020-03-16,0,0.0,Kronoberg
890,2020-03-17,1,0.0,Kronoberg
911,2020-03-18,1,0.0,Kronoberg
932,2020-03-19,1,0.0,Kronoberg
953,2020-03-20,0,0.0,Kronoberg
974,2020-03-21,0,0.0,Kronoberg
995,2020-03-22,0,0.0,Kronoberg
1016,2020-03-23,0,0.0,Kronoberg
1037,2020-03-24,2,0.0,Kronoberg
1058,2020-03-25,1,0.0,Kronoberg
1079,2020-03-26,2,0.0,Kronoberg
1100,2020-03-27,4,0.0,Kronoberg
1121,2020-03-28,2,0.0,Kronoberg
1142,2020-03-29,4,0.0,Kronoberg
1163,2020-03-30,1,0.0,Kronoberg
1184,2020-03-31,5,0.0,Kronoberg
1205,2020-04-01,1,0.0,Kronoberg
1284,2020-04-02,7,0.0,Kronoberg
1307,2020-04-03,2,0.0,Kronoberg
1324,2020-04-04,2,0.0,Kronoberg
1350,2020-04-05,2,0.0,Kronoberg
1372,2020-04-06,3,0.0,Kronoberg
1391,2020-04-07,14,1.0,Kronoberg
1420,2020-04-08,7,0.0,Kronoberg
1450,2020-04-09,5,0.0,Kronoberg
1460,2020-04-10,4,0.0,Kronoberg
1488,2020-04-11,10,0.0,Kronoberg
1513,2020-04-12,4,0.0,Kronoberg
1527,2020-04-13,3,0.0,Kronoberg
1558,2020-04-14,6,0.0,Kronoberg
1567,2020-04-15,12,3.0,Kronoberg
1597,2020-04-16,10,2.0,Kronoberg
1608,2020-04-17,12,1.0,Kronoberg
1630,2020-04-18,21,0.0,Kronoberg
1651,2020-04-19,11,1.0,Kronoberg
1673,2020-04-20,9,1.0,Kronoberg
1694,2020-04-21,14,2.0,Kronoberg
1716,2020-04-22,13,0.0,Kronoberg
1746,2020-04-23,25,1.0,Kronoberg
1767,2020-04-24,2,0.0,Kronoberg
1794,2020-04-25,21,2.0,Kronoberg
1815,2020-04-26,4,0.0,Kronoberg
1847,2020-04-27,7,3.0,Kronoberg
1869,2020-04-28,21,2.0,Kronoberg
1883,2020-04-29,14,3.0,Kronoberg
1912,2020-04-30,1,1.0,Kronoberg
9,2020-02-04,0,0.0,Norrbotten
30,2020-02-05,0,0.0,Norrbotten
51,2020-02-06,0,0.0,Norrbotten
72,2020-02-07,0,0.0,Norrbotten
93,2020-02-08,0,0.0,Norrbotten
114,2020-02-09,0,0.0,Norrbotten
135,2020-02-10,0,0.0,Norrbotten
156,2020-02-11,0,0.0,Norrbotten
177,2020-02-12,0,0.0,Norrbotten
198,2020-02-13,0,0.0,Norrbotten
219,2020-02-14,0,0.0,Norrbotten
240,2020-02-15,0,0.0,Norrbotten
261,2020-02-16,0,0.0,Norrbotten
282,2020-02-17,0,0.0,Norrbotten
303,2020-02-18,0,0.0,Norrbotten
324,2020-02-19,0,0.0,Norrbotten
345,2020-02-20,0,0.0,Norrbotten
366,2020-02-21,0,0.0,Norrbotten
387,2020-02-22,0,0.0,Norrbotten
408,2020-02-23,0,0.0,Norrbotten
429,2020-02-24,0,0.0,Norrbotten
450,2020-02-25,0,0.0,Norrbotten
471,2020-02-26,0,0.0,Norrbotten
492,2020-02-27,0,0.0,Norrbotten
513,2020-02-28,0,0.0,Norrbotten
534,2020-02-29,0,0.0,Norrbotten
555,2020-03-01,0,0.0,Norrbotten
576,2020-03-02,0,0.0,Norrbotten
597,2020-03-03,0,0.0,Norrbotten
618,2020-03-04,0,0.0,Norrbotten
639,2020-03-05,0,0.0,Norrbotten
660,2020-03-06,0,0.0,Norrbotten
681,2020-03-07,0,0.0,Norrbotten
702,2020-03-08,0,0.0,Norrbotten
723,2020-03-09,1,0.0,Norrbotten
744,2020-03-10,0,0.0,Norrbotten
765,2020-03-11,4,0.0025906735751295338,Norrbotten
786,2020-03-12,0,0.0,Norrbotten
807,2020-03-13,1,0.0025906735751295338,Norrbotten
828,2020-03-14,0,0.0025906735751295338,Norrbotten
849,2020-03-15,0,0.0051813471502590676,Norrbotten
870,2020-03-16,0,0.0051813471502590676,Norrbotten
891,2020-03-17,1,0.0025906735751295338,Norrbotten
912,2020-03-18,0,0.015544041450777202,Norrbotten
933,2020-03-19,1,0.018134715025906738,Norrbotten
954,2020-03-20,5,0.023316062176165803,Norrbotten
975,2020-03-21,3,0.02072538860103627,Norrbotten
996,2020-03-22,3,0.031088082901554404,Norrbotten
1017,2020-03-23,5,0.02849740932642487,Norrbotten
1038,2020-03-24,6,0.054404145077720206,Norrbotten
1059,2020-03-25,5,0.05699481865284974,Norrbotten
1080,2020-03-26,3,0.08031088082901554,Norrbotten
1101,2020-03-27,4,0.08290155440414508,Norrbotten
1122,2020-03-28,4,0.09067357512953368,Norrbotten
1143,2020-03-29,2,0.10103626943005183,Norrbotten
1164,2020-03-30,5,0.11139896373056996,Norrbotten
1185,2020-03-31,6,0.12694300518134716,Norrbotten
1206,2020-04-01,5,0.1373056994818653,Norrbotten
1285,2020-04-02,8,1.0,Norrbotten
1305,2020-04-03,6,0.0,Norrbotten
1323,2020-04-04,3,0.0,Norrbotten
1361,2020-04-05,2,0.0,Norrbotten
1373,2020-04-06,10,2.0,Norrbotten
1390,2020-04-07,17,1.0,Norrbotten
1421,2020-04-08,12,1.0,Norrbotten
1441,2020-04-09,5,2.0,Norrbotten
1461,2020-04-10,6,0.0,Norrbotten
1487,2020-04-11,2,0.0,Norrbotten
1512,2020-04-12,2,0.0,Norrbotten
1528,2020-04-13,17,0.0,Norrbotten
1545,2020-04-14,4,2.0,Norrbotten
1568,2020-04-15,3,5.0,Norrbotten
1596,2020-04-16,13,0.0,Norrbotten
1609,2020-04-17,15,0.0,Norrbotten
1631,2020-04-18,1,0.0,Norrbotten
1652,2020-04-19,2,1.0,Norrbotten
1674,2020-04-20,8,3.0,Norrbotten
1695,2020-04-21,3,5.0,Norrbotten
1717,2020-04-22,5,3.0,Norrbotten
1738,2020-04-23,15,0.0,Norrbotten
1760,2020-04-24,8,2.0,Norrbotten
1790,2020-04-25,0,0.0,Norrbotten
1812,2020-04-26,2,0.0,Norrbotten
1837,2020-04-27,10,2.0,Norrbotten
1858,2020-04-28,1,1.0,Norrbotten
1880,2020-04-29,7,0.0,Norrbotten
1901,2020-04-30,1,2.0,Norrbotten
10,2020-02-04,0,0.0,Skåne
31,2020-02-05,0,0.0,Skåne
52,2020-02-06,0,0.0,Skåne
73,2020-02-07,0,0.0,Skåne
94,2020-02-08,0,0.0,Skåne
115,2020-02-09,0,0.0,Skåne
136,2020-02-10,0,0.0,Skåne
157,2020-02-11,0,0.0,Skåne
178,2020-02-12,0,0.0,Skåne
199,2020-02-13,0,0.0,Skåne
220,2020-02-14,0,0.0,Skåne
241,2020-02-15,0,0.0,Skåne
262,2020-02-16,0,0.0,Skåne
283,2020-02-17,0,0.0,Skåne
304,2020-02-18,0,0.0,Skåne
325,2020-02-19,0,0.0,Skåne
346,2020-02-20,0,0.0,Skåne
367,2020-02-21,0,0.0,Skåne
388,2020-02-22,0,0.0,Skåne
409,2020-02-23,0,0.0,Skåne
430,2020-02-24,0,0.0,Skåne
451,2020-02-25,0,0.0,Skåne
472,2020-02-26,0,0.0,Skåne
493,2020-02-27,0,0.0,Skåne
514,2020-02-28,0,0.0,Skåne
535,2020-02-29,0,0.0,Skåne
556,2020-03-01,0,0.0,Skåne
577,2020-03-02,1,0.0,Skåne
598,2020-03-03,1,0.0,Skåne
619,2020-03-04,7,0.0,Skåne
640,2020-03-05,0,0.0,Skåne
661,2020-03-06,8,0.0,Skåne
682,2020-03-07,5,0.0,Skåne
703,2020-03-08,0,0.0,Skåne
724,2020-03-09,3,0.0,Skåne
745,2020-03-10,34,0.0,Skåne
766,2020-03-11,37,0.02072538860103627,Skåne
787,2020-03-12,32,0.0,Skåne
808,2020-03-13,42,0.02072538860103627,Skåne
829,2020-03-14,25,0.02072538860103627,Skåne
850,2020-03-15,4,0.04145077720207254,Skåne
871,2020-03-16,3,0.04145077720207254,Skåne
892,2020-03-17,6,0.02072538860103627,Skåne
913,2020-03-18,8,0.12435233160621761,Skåne
934,2020-03-19,2,0.1450777202072539,Skåne
955,2020-03-20,5,0.18652849740932642,Skåne
976,2020-03-21,5,0.16580310880829016,Skåne
997,2020-03-22,3,0.24870466321243523,Skåne
1018,2020-03-23,7,0.22797927461139897,Skåne
1039,2020-03-24,5,0.43523316062176165,Skåne
1060,2020-03-25,13,0.45595854922279794,Skåne
1081,2020-03-26,7,0.6424870466321243,Skåne
1102,2020-03-27,10,0.6632124352331606,Skåne
1123,2020-03-28,2,0.7253886010362695,Skåne
1144,2020-03-29,3,0.8082901554404146,Skåne
1165,2020-03-30,5,0.8911917098445596,Skåne
1186,2020-03-31,7,1.0155440414507773,Skåne
1207,2020-04-01,8,1.0984455958549224,Skåne
1286,2020-04-02,8,8.0,Skåne
1317,2020-04-03,24,3.0,Skåne
1322,2020-04-04,12,0.0,Skåne
1351,2020-04-05,6,0.0,Skåne
1374,2020-04-06,6,2.0,Skåne
1389,2020-04-07,24,3.0,Skåne
1423,2020-04-08,15,0.0,Skåne
1449,2020-04-09,11,2.0,Skåne
1462,2020-04-10,23,2.0,Skåne
1486,2020-04-11,6,1.0,Skåne
1511,2020-04-12,14,1.0,Skåne
1530,2020-04-13,9,2.0,Skåne
1546,2020-04-14,12,0.0,Skåne
1569,2020-04-15,19,8.0,Skåne
1595,2020-04-16,17,5.0,Skåne
1610,2020-04-17,21,1.0,Skåne
1632,2020-04-18,17,4.0,Skåne
1653,2020-04-19,5,1.0,Skåne
1685,2020-04-20,9,0.0,Skåne
1696,2020-04-21,7,13.0,Skåne
1718,2020-04-22,20,1.0,Skåne
1739,2020-04-23,22,0.0,Skåne
1761,2020-04-24,38,3.0,Skåne
1782,2020-04-25,12,1.0,Skåne
1804,2020-04-26,23,0.0,Skåne
1833,2020-04-27,34,1.0,Skåne
1852,2020-04-28,34,6.0,Skåne
1877,2020-04-29,37,0.0,Skåne
1893,2020-04-30,0,1.0,Skåne
11,2020-02-04,0,0.0,Stockholm
32,2020-02-05,0,0.0,Stockholm
53,2020-02-06,0,0.0,Stockholm
74,2020-02-07,0,0.0,Stockholm
95,2020-02-08,0,0.0,Stockholm
116,2020-02-09,0,0.0,Stockholm
137,2020-02-10,0,0.0,Stockholm
158,2020-02-11,0,0.0,Stockholm
179,2020-02-12,0,0.0,Stockholm
200,2020-02-13,0,0.0,Stockholm
221,2020-02-14,0,0.0,Stockholm
242,2020-02-15,0,0.0,Stockholm
263,2020-02-16,0,0.0,Stockholm
284,2020-02-17,0,0.0,Stockholm
305,2020-02-18,0,0.0,Stockholm
326,2020-02-19,0,0.0,Stockholm
347,2020-02-20,0,0.0,Stockholm
368,2020-02-21,0,0.0,Stockholm
389,2020-02-22,0,0.0,Stockholm
410,2020-02-23,0,0.0,Stockholm
431,2020-02-24,0,0.0,Stockholm
452,2020-02-25,0,0.0,Stockholm
473,2020-02-26,0,0.0,Stockholm
494,2020-02-27,1,0.0,Stockholm
515,2020-02-28,2,0.0,Stockholm
536,2020-02-29,1,0.0,Stockholm
557,2020-03-01,0,0.0,Stockholm
578,2020-03-02,1,0.0,Stockholm
599,2020-03-03,10,0.0,Stockholm
620,2020-03-04,21,0.0,Stockholm
641,2020-03-05,22,0.0,Stockholm
662,2020-03-06,36,0.0,Stockholm
683,2020-03-07,21,0.0,Stockholm
704,2020-03-08,29,0.0,Stockholm
725,2020-03-09,64,0.0,Stockholm
746,2020-03-10,26,0.0,Stockholm
767,2020-03-11,32,0.461139896373057,Stockholm
788,2020-03-12,42,0.0,Stockholm
809,2020-03-13,31,0.461139896373057,Stockholm
830,2020-03-14,18,0.461139896373057,Stockholm
851,2020-03-15,17,0.922279792746114,Stockholm
872,2020-03-16,34,0.922279792746114,Stockholm
893,2020-03-17,35,0.461139896373057,Stockholm
914,2020-03-18,58,2.7668393782383425,Stockholm
935,2020-03-19,66,3.2279792746113993,Stockholm
956,2020-03-20,84,4.1502590673575135,Stockholm
977,2020-03-21,71,3.689119170984456,Stockholm
998,2020-03-22,59,5.533678756476685,Stockholm
1019,2020-03-23,99,5.072538860103627,Stockholm
1040,2020-03-24,105,9.683937823834198,Stockholm
1061,2020-03-25,154,10.145077720207254,Stockholm
1082,2020-03-26,132,14.295336787564766,Stockholm
1103,2020-03-27,176,14.756476683937825,Stockholm
1124,2020-03-28,147,16.139896373057,Stockholm
1145,2020-03-29,150,17.984455958549226,Stockholm
1166,2020-03-30,171,19.829015544041454,Stockholm
1187,2020-03-31,209,22.595854922279795,Stockholm
1208,2020-04-01,205,24.440414507772022,Stockholm
1287,2020-04-02,217,178.0,Stockholm
1318,2020-04-03,245,26.0,Stockholm
1321,2020-04-04,129,21.0,Stockholm
1360,2020-04-05,172,26.0,Stockholm
1383,2020-04-06,131,52.0,Stockholm
1388,2020-04-07,243,78.0,Stockholm
1408,2020-04-08,271,38.0,Stockholm
1440,2020-04-09,240,67.0,Stockholm
1463,2020-04-10,148,24.0,Stockholm
1485,2020-04-11,201,13.0,Stockholm
1510,2020-04-12,182,5.0,Stockholm
1538,2020-04-13,200,15.0,Stockholm
1547,2020-04-14,179,73.0,Stockholm
1570,2020-04-15,215,86.0,Stockholm
1594,2020-04-16,221,93.0,Stockholm
1611,2020-04-17,221,21.0,Stockholm
1633,2020-04-18,180,81.0,Stockholm
1654,2020-04-19,192,24.0,Stockholm
1684,2020-04-20,210,23.0,Stockholm
1697,2020-04-21,163,78.0,Stockholm
1730,2020-04-22,288,48.0,Stockholm
1740,2020-04-23,286,58.0,Stockholm
1762,2020-04-24,224,64.0,Stockholm
1783,2020-04-25,139,16.0,Stockholm
1805,2020-04-26,110,1.0,Stockholm
1826,2020-04-27,196,28.0,Stockholm
1848,2020-04-28,222,50.0,Stockholm
1870,2020-04-29,224,32.0,Stockholm
1900,2020-04-30,55,87.0,Stockholm
12,2020-02-04,0,0.0,Sörmland
33,2020-02-05,0,0.0,Sörmland
54,2020-02-06,0,0.0,Sörmland
75,2020-02-07,0,0.0,Sörmland
96,2020-02-08,0,0.0,Sörmland
117,2020-02-09,0,0.0,Sörmland
138,2020-02-10,0,0.0,Sörmland
159,2020-02-11,0,0.0,Sörmland
180,2020-02-12,0,0.0,Sörmland
201,2020-02-13,0,0.0,Sörmland
222,2020-02-14,0,0.0,Sörmland
243,2020-02-15,0,0.0,Sörmland
264,2020-02-16,0,0.0,Sörmland
285,2020-02-17,0,0.0,Sörmland
306,2020-02-18,0,0.0,Sörmland
327,2020-02-19,0,0.0,Sörmland
348,2020-02-20,0,0.0,Sörmland
369,2020-02-21,0,0.0,Sörmland
390,2020-02-22,0,0.0,Sörmland
411,2020-02-23,0,0.0,Sörmland
432,2020-02-24,0,0.0,Sörmland
453,2020-02-25,0,0.0,Sörmland
474,2020-02-26,0,0.0,Sörmland
495,2020-02-27,0,0.0,Sörmland
516,2020-02-28,0,0.0,Sörmland
537,2020-02-29,0,0.0,Sörmland
558,2020-03-01,0,0.0,Sörmland
579,2020-03-02,0,0.0,Sörmland
600,2020-03-03,0,0.0,Sörmland
621,2020-03-04,0,0.0,Sörmland
642,2020-03-05,0,0.0,Sörmland
663,2020-03-06,0,0.0,Sörmland
684,2020-03-07,0,0.0,Sörmland
705,2020-03-08,0,0.0,Sörmland
726,2020-03-09,1,0.0,Sörmland
747,2020-03-10,0,0.0,Sörmland
768,2020-03-11,6,0.06994818652849741,Sörmland
789,2020-03-12,3,0.0,Sörmland
810,2020-03-13,6,0.06994818652849741,Sörmland
831,2020-03-14,1,0.06994818652849741,Sörmland
852,2020-03-15,4,0.13989637305699482,Sörmland
873,2020-03-16,12,0.13989637305699482,Sörmland
894,2020-03-17,5,0.06994818652849741,Sörmland
915,2020-03-18,0,0.4196891191709845,Sörmland
936,2020-03-19,5,0.4896373056994819,Sörmland
957,2020-03-20,4,0.6295336787564767,Sörmland
978,2020-03-21,6,0.5595854922279793,Sörmland
999,2020-03-22,11,0.839378238341969,Sörmland
1020,2020-03-23,2,0.7694300518134715,Sörmland
1041,2020-03-24,14,1.4689119170984455,Sörmland
1062,2020-03-25,37,1.538860103626943,Sörmland
1083,2020-03-26,16,2.16839378238342,Sörmland
1104,2020-03-27,26,2.238341968911917,Sörmland
1125,2020-03-28,8,2.4481865284974096,Sörmland
1146,2020-03-29,4,2.727979274611399,Sörmland
1167,2020-03-30,60,3.007772020725389,Sörmland
1188,2020-03-31,49,3.4274611398963732,Sörmland
1209,2020-04-01,49,3.707253886010363,Sörmland
1288,2020-04-02,34,27.0,Sörmland
1316,2020-04-03,59,8.0,Sörmland
1320,2020-04-04,17,10.0,Sörmland
1349,2020-04-05,27,0.0,Sörmland
1375,2020-04-06,17,5.0,Sörmland
1387,2020-04-07,42,14.0,Sörmland
1422,2020-04-08,33,4.0,Sörmland
1439,2020-04-09,38,10.0,Sörmland
1452,2020-04-10,41,4.0,Sörmland
1484,2020-04-11,22,1.0,Sörmland
1509,2020-04-12,14,0.0,Sörmland
1531,2020-04-13,20,0.0,Sörmland
1549,2020-04-14,16,8.0,Sörmland
1572,2020-04-15,42,22.0,Sörmland
1593,2020-04-16,47,3.0,Sörmland
1612,2020-04-17,64,2.0,Sörmland
1634,2020-04-18,8,7.0,Sörmland
1655,2020-04-19,13,0.0,Sörmland
1683,2020-04-20,14,3.0,Sörmland
1698,2020-04-21,55,8.0,Sörmland
1727,2020-04-22,50,11.0,Sörmland
1741,2020-04-23,26,3.0,Sörmland
1763,2020-04-24,53,3.0,Sörmland
1784,2020-04-25,8,0.0,Sörmland
1806,2020-04-26,8,0.0,Sörmland
1827,2020-04-27,10,5.0,Sörmland
1849,2020-04-28,58,0.0,Sörmland
1871,2020-04-29,34,4.0,Sörmland
1899,2020-04-30,16,3.0,Sörmland
1218,2020-02-04,1,0.0,Totalt_antal_fall
1219,2020-02-05,0,0.0,Totalt_antal_fall
1220,2020-02-06,0,0.0,Totalt_antal_fall
1221,2020-02-07,0,0.0,Totalt_antal_fall
1222,2020-02-08,0,0.0,Totalt_antal_fall
1223,2020-02-09,0,0.0,Totalt_antal_fall
1224,2020-02-10,0,0.0,Totalt_antal_fall
1225,2020-02-11,0,0.0,Totalt_antal_fall
1226,2020-02-12,0,0.0,Totalt_antal_fall
1227,2020-02-13,0,0.0,Totalt_antal_fall
1228,2020-02-14,0,0.0,Totalt_antal_fall
1229,2020-02-15,0,0.0,Totalt_antal_fall
1230,2020-02-16,0,0.0,Totalt_antal_fall
1231,2020-02-17,0,0.0,Totalt_antal_fall
1232,2020-02-18,0,0.0,Totalt_antal_fall
1233,2020-02-19,0,0.0,Totalt_antal_fall
1234,2020-02-20,0,0.0,Totalt_antal_fall
1235,2020-02-21,0,0.0,Totalt_antal_fall
1236,2020-02-22,0,0.0,Totalt_antal_fall
1237,2020-02-23,0,0.0,Totalt_antal_fall
1238,2020-02-24,0,0.0,Totalt_antal_fall
1239,2020-02-25,0,0.0,Totalt_antal_fall
1240,2020-02-26,1,0.0,Totalt_antal_fall
1241,2020-02-27,1,0.0,Totalt_antal_fall
1242,2020-02-28,8,0.0,Totalt_antal_fall
1243,2020-02-29,3,0.0,Totalt_antal_fall
1244,2020-03-01,0,0.0,Totalt_antal_fall
1245,2020-03-02,5,0.0,Totalt_antal_fall
1246,2020-03-03,13,0.0,Totalt_antal_fall
1247,2020-03-04,30,0.0,Totalt_antal_fall
1248,2020-03-05,25,0.0,Totalt_antal_fall
1249,2020-03-06,59,0.0,Totalt_antal_fall
1250,2020-03-07,33,0.0,Totalt_antal_fall
1251,2020-03-08,46,0.0,Totalt_antal_fall
1252,2020-03-09,101,0.0,Totalt_antal_fall
1253,2020-03-10,98,0.0,Totalt_antal_fall
1254,2020-03-11,196,1.0,Totalt_antal_fall
1255,2020-03-12,151,0.0,Totalt_antal_fall
1256,2020-03-13,152,1.0,Totalt_antal_fall
1257,2020-03-14,71,1.0,Totalt_antal_fall
1258,2020-03-15,69,2.0,Totalt_antal_fall
1259,2020-03-16,83,2.0,Totalt_antal_fall
1260,2020-03-17,119,1.0,Totalt_antal_fall
1261,2020-03-18,145,6.0,Totalt_antal_fall
1262,2020-03-19,143,7.0,Totalt_antal_fall
1263,2020-03-20,180,9.0,Totalt_antal_fall
1264,2020-03-21,134,8.0,Totalt_antal_fall
1265,2020-03-22,117,12.0,Totalt_antal_fall
1266,2020-03-23,182,11.0,Totalt_antal_fall
1267,2020-03-24,230,21.0,Totalt_antal_fall
1268,2020-03-25,314,22.0,Totalt_antal_fall
1269,2020-03-26,286,31.0,Totalt_antal_fall
1270,2020-03-27,366,32.0,Totalt_antal_fall
1271,2020-03-28,300,35.0,Totalt_antal_fall
1272,2020-03-29,281,39.0,Totalt_antal_fall
1273,2020-03-30,415,43.0,Totalt_antal_fall
1274,2020-03-31,475,49.0,Totalt_antal_fall
1275,2020-04-01,486,53.0,Totalt_antal_fall
1276,2020-04-02,554,-104.0,Totalt_antal_fall
1306,2020-04-03,601,51.0,Totalt_antal_fall
1339,2020-04-04,357,40.0,Totalt_antal_fall
1363,2020-04-05,340,28.0,Totalt_antal_fall
1384,2020-04-06,389,76.0,Totalt_antal_fall
1401,2020-04-07,738,114.0,Totalt_antal_fall
1429,2020-04-08,654,96.0,Totalt_antal_fall
1451,2020-04-09,645,106.0,Totalt_antal_fall
1473,2020-04-10,454,77.0,Totalt_antal_fall
1495,2020-04-11,395,17.0,Totalt_antal_fall
1500,2020-04-12,464,12.0,Totalt_antal_fall
1522,2020-04-13,437,20.0,Totalt_antal_fall
1560,2020-04-14,479,114.0,Totalt_antal_fall
1583,2020-04-15,604,170.0,Totalt_antal_fall
1605,2020-04-16,623,130.0,Totalt_antal_fall
1627,2020-04-17,688,67.0,Totalt_antal_fall
1649,2020-04-18,532,111.0,Totalt_antal_fall
1671,2020-04-19,389,29.0,Totalt_antal_fall
1693,2020-04-20,461,40.0,Totalt_antal_fall
1715,2020-04-21,708,185.0,Totalt_antal_fall
1736,2020-04-22,721,172.0,Totalt_antal_fall
1759,2020-04-23,747,84.0,Totalt_antal_fall
1781,2020-04-24,769,131.0,Totalt_antal_fall
1803,2020-04-25,474,40.0,Totalt_antal_fall
1825,2020-04-26,297,2.0,Totalt_antal_fall
1839,2020-04-27,543,80.0,Totalt_antal_fall
1868,2020-04-28,750,81.0,Totalt_antal_fall
1887,2020-04-29,774,107.0,Totalt_antal_fall
1911,2020-04-30,186,124.0,Totalt_antal_fall
13,2020-02-04,0,0.0,Uppsala
34,2020-02-05,0,0.0,Uppsala
55,2020-02-06,0,0.0,Uppsala
76,2020-02-07,0,0.0,Uppsala
97,2020-02-08,0,0.0,Uppsala
118,2020-02-09,0,0.0,Uppsala
139,2020-02-10,0,0.0,Uppsala
160,2020-02-11,0,0.0,Uppsala
181,2020-02-12,0,0.0,Uppsala
202,2020-02-13,0,0.0,Uppsala
223,2020-02-14,0,0.0,Uppsala
244,2020-02-15,0,0.0,Uppsala
265,2020-02-16,0,0.0,Uppsala
286,2020-02-17,0,0.0,Uppsala
307,2020-02-18,0,0.0,Uppsala
328,2020-02-19,0,0.0,Uppsala
349,2020-02-20,0,0.0,Uppsala
370,2020-02-21,0,0.0,Uppsala
391,2020-02-22,0,0.0,Uppsala
412,2020-02-23,0,0.0,Uppsala
433,2020-02-24,0,0.0,Uppsala
454,2020-02-25,0,0.0,Uppsala
475,2020-02-26,0,0.0,Uppsala
496,2020-02-27,0,0.0,Uppsala
517,2020-02-28,2,0.0,Uppsala
538,2020-02-29,0,0.0,Uppsala
559,2020-03-01,0,0.0,Uppsala
580,2020-03-02,0,0.0,Uppsala
601,2020-03-03,0,0.0,Uppsala
622,2020-03-04,0,0.0,Uppsala
643,2020-03-05,2,0.0,Uppsala
664,2020-03-06,1,0.0,Uppsala
685,2020-03-07,1,0.0,Uppsala
706,2020-03-08,1,0.0,Uppsala
727,2020-03-09,0,0.0,Uppsala
748,2020-03-10,4,0.0,Uppsala
769,2020-03-11,4,0.018134715025906738,Uppsala
790,2020-03-12,11,0.0,Uppsala
811,2020-03-13,10,0.018134715025906738,Uppsala
832,2020-03-14,4,0.018134715025906738,Uppsala
853,2020-03-15,0,0.036269430051813475,Uppsala
874,2020-03-16,2,0.036269430051813475,Uppsala
895,2020-03-17,5,0.018134715025906738,Uppsala
916,2020-03-18,17,0.10880829015544041,Uppsala
937,2020-03-19,5,0.12694300518134716,Uppsala
958,2020-03-20,1,0.16321243523316065,Uppsala
979,2020-03-21,2,0.1450777202072539,Uppsala
1000,2020-03-22,5,0.21761658031088082,Uppsala
1021,2020-03-23,8,0.1994818652849741,Uppsala
1042,2020-03-24,11,0.38082901554404147,Uppsala
1063,2020-03-25,15,0.3989637305699482,Uppsala
1084,2020-03-26,12,0.5621761658031089,Uppsala
1105,2020-03-27,20,0.5803108808290156,Uppsala
1126,2020-03-28,7,0.6347150259067359,Uppsala
1147,2020-03-29,11,0.7072538860103628,Uppsala
1168,2020-03-30,21,0.7797927461139897,Uppsala
1189,2020-03-31,15,0.8886010362694301,Uppsala
1210,2020-04-01,25,0.961139896373057,Uppsala
1289,2020-04-02,28,7.0,Uppsala
1315,2020-04-03,38,2.0,Uppsala
1341,2020-04-04,11,0.0,Uppsala
1348,2020-04-05,9,0.0,Uppsala
1376,2020-04-06,31,0.0,Uppsala
1407,2020-04-07,37,1.0,Uppsala
1424,2020-04-08,29,0.0,Uppsala
1438,2020-04-09,29,4.0,Uppsala
1464,2020-04-10,4,16.0,Uppsala
1492,2020-04-11,15,0.0,Uppsala
1508,2020-04-12,13,0.0,Uppsala
1532,2020-04-13,13,0.0,Uppsala
1556,2020-04-14,39,1.0,Uppsala
1573,2020-04-15,32,4.0,Uppsala
1592,2020-04-16,37,0.0,Uppsala
1621,2020-04-17,44,6.0,Uppsala
1635,2020-04-18,18,0.0,Uppsala
1656,2020-04-19,18,0.0,Uppsala
1682,2020-04-20,32,0.0,Uppsala
1699,2020-04-21,32,23.0,Uppsala
1726,2020-04-22,32,0.0,Uppsala
1742,2020-04-23,41,2.0,Uppsala
1764,2020-04-24,55,3.0,Uppsala
1785,2020-04-25,12,1.0,Uppsala
1816,2020-04-26,8,0.0,Uppsala
1828,2020-04-27,35,14.0,Uppsala
1850,2020-04-28,52,2.0,Uppsala
1872,2020-04-29,22,8.0,Uppsala
1898,2020-04-30,0,0.0,Uppsala
14,2020-02-04,0,0.0,Värmland
35,2020-02-05,0,0.0,Värmland
56,2020-02-06,0,0.0,Värmland
77,2020-02-07,0,0.0,Värmland
98,2020-02-08,0,0.0,Värmland
119,2020-02-09,0,0.0,Värmland
140,2020-02-10,0,0.0,Värmland
161,2020-02-11,0,0.0,Värmland
182,2020-02-12,0,0.0,Värmland
203,2020-02-13,0,0.0,Värmland
224,2020-02-14,0,0.0,Värmland
245,2020-02-15,0,0.0,Värmland
266,2020-02-16,0,0.0,Värmland
287,2020-02-17,0,0.0,Värmland
308,2020-02-18,0,0.0,Värmland
329,2020-02-19,0,0.0,Värmland
350,2020-02-20,0,0.0,Värmland
371,2020-02-21,0,0.0,Värmland
392,2020-02-22,0,0.0,Värmland
413,2020-02-23,0,0.0,Värmland
434,2020-02-24,0,0.0,Värmland
455,2020-02-25,0,0.0,Värmland
476,2020-02-26,0,0.0,Värmland
497,2020-02-27,0,0.0,Värmland
518,2020-02-28,0,0.0,Värmland
539,2020-02-29,0,0.0,Värmland
560,2020-03-01,0,0.0,Värmland
581,2020-03-02,0,0.0,Värmland
602,2020-03-03,0,0.0,Värmland
623,2020-03-04,0,0.0,Värmland
644,2020-03-05,0,0.0,Värmland
665,2020-03-06,11,0.0,Värmland
686,2020-03-07,0,0.0,Värmland
707,2020-03-08,0,0.0,Värmland
728,2020-03-09,7,0.0,Värmland
749,2020-03-10,3,0.0,Värmland
770,2020-03-11,2,0.0025906735751295338,Värmland
791,2020-03-12,4,0.0,Värmland
812,2020-03-13,3,0.0025906735751295338,Värmland
833,2020-03-14,1,0.0025906735751295338,Värmland
854,2020-03-15,1,0.0051813471502590676,Värmland
875,2020-03-16,2,0.0051813471502590676,Värmland
896,2020-03-17,1,0.0025906735751295338,Värmland
917,2020-03-18,1,0.015544041450777202,Värmland
938,2020-03-19,0,0.018134715025906738,Värmland
959,2020-03-20,2,0.023316062176165803,Värmland
980,2020-03-21,1,0.02072538860103627,Värmland
1001,2020-03-22,1,0.031088082901554404,Värmland
1022,2020-03-23,2,0.02849740932642487,Värmland
1043,2020-03-24,3,0.054404145077720206,Värmland
1064,2020-03-25,0,0.05699481865284974,Värmland
1085,2020-03-26,0,0.08031088082901554,Värmland
1106,2020-03-27,1,0.08290155440414508,Värmland
1127,2020-03-28,3,0.09067357512953368,Värmland
1148,2020-03-29,1,0.10103626943005183,Värmland
1169,2020-03-30,1,0.11139896373056996,Värmland
1190,2020-03-31,0,0.12694300518134716,Värmland
1211,2020-04-01,2,0.1373056994818653,Värmland
1290,2020-04-02,0,1.0,Värmland
1314,2020-04-03,1,0.0,Värmland
1333,2020-04-04,1,0.0,Värmland
1347,2020-04-05,1,0.0,Värmland
1377,2020-04-06,2,0.0,Värmland
1402,2020-04-07,7,0.0,Värmland
1419,2020-04-08,1,0.0,Värmland
1437,2020-04-09,4,0.0,Värmland
1465,2020-04-10,3,0.0,Värmland
1483,2020-04-11,2,0.0,Värmland
1507,2020-04-12,4,0.0,Värmland
1533,2020-04-13,3,0.0,Värmland
1550,2020-04-14,2,0.0,Värmland
1574,2020-04-15,3,2.0,Värmland
1591,2020-04-16,7,0.0,Värmland
1613,2020-04-17,3,0.0,Värmland
1636,2020-04-18,3,0.0,Värmland
1664,2020-04-19,4,0.0,Värmland
1681,2020-04-20,7,0.0,Värmland
1707,2020-04-21,7,1.0,Värmland
1725,2020-04-22,5,1.0,Värmland
1743,2020-04-23,3,0.0,Värmland
1771,2020-04-24,4,0.0,Värmland
1786,2020-04-25,5,0.0,Värmland
1808,2020-04-26,2,0.0,Värmland
1829,2020-04-27,8,3.0,Värmland
1859,2020-04-28,17,0.0,Värmland
1881,2020-04-29,14,0.0,Värmland
1897,2020-04-30,3,2.0,Värmland
15,2020-02-04,0,0.0,Västerbotten
36,2020-02-05,0,0.0,Västerbotten
57,2020-02-06,0,0.0,Västerbotten
78,2020-02-07,0,0.0,Västerbotten
99,2020-02-08,0,0.0,Västerbotten
120,2020-02-09,0,0.0,Västerbotten
141,2020-02-10,0,0.0,Västerbotten
162,2020-02-11,0,0.0,Västerbotten
183,2020-02-12,0,0.0,Västerbotten
204,2020-02-13,0,0.0,Västerbotten
225,2020-02-14,0,0.0,Västerbotten
246,2020-02-15,0,0.0,Västerbotten
267,2020-02-16,0,0.0,Västerbotten
288,2020-02-17,0,0.0,Västerbotten
309,2020-02-18,0,0.0,Västerbotten
330,2020-02-19,0,0.0,Västerbotten
351,2020-02-20,0,0.0,Västerbotten
372,2020-02-21,0,0.0,Västerbotten
393,2020-02-22,0,0.0,Västerbotten
414,2020-02-23,0,0.0,Västerbotten
435,2020-02-24,0,0.0,Västerbotten
456,2020-02-25,0,0.0,Västerbotten
477,2020-02-26,0,0.0,Västerbotten
498,2020-02-27,0,0.0,Västerbotten
519,2020-02-28,0,0.0,Västerbotten
540,2020-02-29,0,0.0,Västerbotten
561,2020-03-01,0,0.0,Västerbotten
582,2020-03-02,0,0.0,Västerbotten
603,2020-03-03,0,0.0,Västerbotten
624,2020-03-04,0,0.0,Västerbotten
645,2020-03-05,0,0.0,Västerbotten
666,2020-03-06,0,0.0,Västerbotten
687,2020-03-07,0,0.0,Västerbotten
708,2020-03-08,0,0.0,Västerbotten
729,2020-03-09,0,0.0,Västerbotten
750,2020-03-10,8,0.0,Västerbotten
771,2020-03-11,0,0.0,Västerbotten
792,2020-03-12,1,0.0,Västerbotten
813,2020-03-13,0,0.0,Västerbotten
834,2020-03-14,3,0.0,Västerbotten
855,2020-03-15,1,0.0,Västerbotten
876,2020-03-16,2,0.0,Västerbotten
897,2020-03-17,3,0.0,Västerbotten
918,2020-03-18,3,0.0,Västerbotten
939,2020-03-19,2,0.0,Västerbotten
960,2020-03-20,5,0.0,Västerbotten
981,2020-03-21,0,0.0,Västerbotten
1002,2020-03-22,1,0.0,Västerbotten
1023,2020-03-23,0,0.0,Västerbotten
1044,2020-03-24,3,0.0,Västerbotten
1065,2020-03-25,4,0.0,Västerbotten
1086,2020-03-26,3,0.0,Västerbotten
1107,2020-03-27,2,0.0,Västerbotten
1128,2020-03-28,5,0.0,Västerbotten
1149,2020-03-29,1,0.0,Västerbotten
1170,2020-03-30,7,0.0,Västerbotten
1191,2020-03-31,8,0.0,Västerbotten
1212,2020-04-01,5,0.0,Västerbotten
1291,2020-04-02,12,0.0,Västerbotten
1313,2020-04-03,17,0.0,Västerbotten
1340,2020-04-04,17,0.0,Västerbotten
1346,2020-04-05,8,0.0,Västerbotten
1378,2020-04-06,4,0.0,Västerbotten
1400,2020-04-07,14,1.0,Västerbotten
1418,2020-04-08,12,0.0,Västerbotten
1436,2020-04-09,12,0.0,Västerbotten
1466,2020-04-10,15,4.0,Västerbotten
1481,2020-04-11,2,0.0,Västerbotten
1516,2020-04-12,0,0.0,Västerbotten
1534,2020-04-13,5,2.0,Västerbotten
1551,2020-04-14,5,0.0,Västerbotten
1575,2020-04-15,14,1.0,Västerbotten
1590,2020-04-16,3,0.0,Västerbotten
1615,2020-04-17,19,2.0,Västerbotten
1637,2020-04-18,3,0.0,Västerbotten
1657,2020-04-19,7,0.0,Västerbotten
1680,2020-04-20,4,0.0,Västerbotten
1700,2020-04-21,5,1.0,Västerbotten
1722,2020-04-22,9,0.0,Västerbotten
1750,2020-04-23,12,1.0,Västerbotten
1770,2020-04-24,12,1.0,Västerbotten
1793,2020-04-25,6,0.0,Västerbotten
1807,2020-04-26,11,0.0,Västerbotten
1830,2020-04-27,4,1.0,Västerbotten
1857,2020-04-28,3,0.0,Västerbotten
1873,2020-04-29,18,1.0,Västerbotten
1896,2020-04-30,2,0.0,Västerbotten
16,2020-02-04,0,0.0,Västernorrland
37,2020-02-05,0,0.0,Västernorrland
58,2020-02-06,0,0.0,Västernorrland
79,2020-02-07,0,0.0,Västernorrland
100,2020-02-08,0,0.0,Västernorrland
121,2020-02-09,0,0.0,Västernorrland
142,2020-02-10,0,0.0,Västernorrland
163,2020-02-11,0,0.0,Västernorrland
184,2020-02-12,0,0.0,Västernorrland
205,2020-02-13,0,0.0,Västernorrland
226,2020-02-14,0,0.0,Västernorrland
247,2020-02-15,0,0.0,Västernorrland
268,2020-02-16,0,0.0,Västernorrland
289,2020-02-17,0,0.0,Västernorrland
310,2020-02-18,0,0.0,Västernorrland
331,2020-02-19,0,0.0,Västernorrland
352,2020-02-20,0,0.0,Västernorrland
373,2020-02-21,0,0.0,Västernorrland
394,2020-02-22,0,0.0,Västernorrland
415,2020-02-23,0,0.0,Västernorrland
436,2020-02-24,0,0.0,Västernorrland
457,2020-02-25,0,0.0,Västernorrland
478,2020-02-26,0,0.0,Västernorrland
499,2020-02-27,0,0.0,Västernorrland
520,2020-02-28,0,0.0,Västernorrland
541,2020-02-29,0,0.0,Västernorrland
562,2020-03-01,0,0.0,Västernorrland
583,2020-03-02,0,0.0,Västernorrland
604,2020-03-03,0,0.0,Västernorrland
625,2020-03-04,0,0.0,Västernorrland
646,2020-03-05,0,0.0,Västernorrland
667,2020-03-06,0,0.0,Västernorrland
688,2020-03-07,0,0.0,Västernorrland
709,2020-03-08,0,0.0,Västernorrland
730,2020-03-09,0,0.0,Västernorrland
751,2020-03-10,6,0.0,Västernorrland
772,2020-03-11,0,0.0051813471502590676,Västernorrland
793,2020-03-12,3,0.0,Västernorrland
814,2020-03-13,2,0.0051813471502590676,Västernorrland
835,2020-03-14,0,0.0051813471502590676,Västernorrland
856,2020-03-15,0,0.010362694300518135,Västernorrland
877,2020-03-16,1,0.010362694300518135,Västernorrland
898,2020-03-17,1,0.0051813471502590676,Västernorrland
919,2020-03-18,1,0.031088082901554404,Västernorrland
940,2020-03-19,0,0.036269430051813475,Västernorrland
961,2020-03-20,0,0.046632124352331605,Västernorrland
982,2020-03-21,0,0.04145077720207254,Västernorrland
1003,2020-03-22,0,0.06217616580310881,Västernorrland
1024,2020-03-23,2,0.05699481865284974,Västernorrland
1045,2020-03-24,2,0.10880829015544041,Västernorrland
1066,2020-03-25,2,0.11398963730569948,Västernorrland
1087,2020-03-26,3,0.16062176165803108,Västernorrland
1108,2020-03-27,2,0.16580310880829016,Västernorrland
1129,2020-03-28,2,0.18134715025906736,Västernorrland
1150,2020-03-29,9,0.20207253886010365,Västernorrland
1171,2020-03-30,6,0.2227979274611399,Västernorrland
1192,2020-03-31,13,0.2538860103626943,Västernorrland
1213,2020-04-01,2,0.2746113989637306,Västernorrland
1292,2020-04-02,1,2.0,Västernorrland
1319,2020-04-03,3,0.0,Västernorrland
1334,2020-04-04,6,0.0,Västernorrland
1345,2020-04-05,2,0.0,Västernorrland
1379,2020-04-06,4,0.0,Västernorrland
1403,2020-04-07,10,0.0,Västernorrland
1417,2020-04-08,5,3.0,Västernorrland
1435,2020-04-09,5,1.0,Västernorrland
1467,2020-04-10,8,0.0,Västernorrland
1479,2020-04-11,0,1.0,Västernorrland
1505,2020-04-12,5,1.0,Västernorrland
1535,2020-04-13,6,0.0,Västernorrland
1552,2020-04-14,5,1.0,Västernorrland
1576,2020-04-15,5,4.0,Västernorrland
1589,2020-04-16,3,0.0,Västernorrland
1616,2020-04-17,5,2.0,Västernorrland
1638,2020-04-18,2,0.0,Västernorrland
1659,2020-04-19,8,0.0,Västernorrland
1678,2020-04-20,2,2.0,Västernorrland
1702,2020-04-21,12,4.0,Västernorrland
1723,2020-04-22,4,2.0,Västernorrland
1745,2020-04-23,17,0.0,Västernorrland
1769,2020-04-24,16,3.0,Västernorrland
1788,2020-04-25,5,1.0,Västernorrland
1814,2020-04-26,11,0.0,Västernorrland
1836,2020-04-27,11,7.0,Västernorrland
1853,2020-04-28,4,2.0,Västernorrland
1879,2020-04-29,11,1.0,Västernorrland
1895,2020-04-30,2,1.0,Västernorrland
17,2020-02-04,0,0.0,Västmanland
38,2020-02-05,0,0.0,Västmanland
59,2020-02-06,0,0.0,Västmanland
80,2020-02-07,0,0.0,Västmanland
101,2020-02-08,0,0.0,Västmanland
122,2020-02-09,0,0.0,Västmanland
143,2020-02-10,0,0.0,Västmanland
164,2020-02-11,0,0.0,Västmanland
185,2020-02-12,0,0.0,Västmanland
206,2020-02-13,0,0.0,Västmanland
227,2020-02-14,0,0.0,Västmanland
248,2020-02-15,0,0.0,Västmanland
269,2020-02-16,0,0.0,Västmanland
290,2020-02-17,0,0.0,Västmanland
311,2020-02-18,0,0.0,Västmanland
332,2020-02-19,0,0.0,Västmanland
353,2020-02-20,0,0.0,Västmanland
374,2020-02-21,0,0.0,Västmanland
395,2020-02-22,0,0.0,Västmanland
416,2020-02-23,0,0.0,Västmanland
437,2020-02-24,0,0.0,Västmanland
458,2020-02-25,0,0.0,Västmanland
479,2020-02-26,0,0.0,Västmanland
500,2020-02-27,0,0.0,Västmanland
521,2020-02-28,0,0.0,Västmanland
542,2020-02-29,0,0.0,Västmanland
563,2020-03-01,0,0.0,Västmanland
584,2020-03-02,0,0.0,Västmanland
605,2020-03-03,0,0.0,Västmanland
626,2020-03-04,0,0.0,Västmanland
647,2020-03-05,0,0.0,Västmanland
668,2020-03-06,0,0.0,Västmanland
689,2020-03-07,0,0.0,Västmanland
710,2020-03-08,0,0.0,Västmanland
731,2020-03-09,0,0.0,Västmanland
752,2020-03-10,0,0.0,Västmanland
773,2020-03-11,0,0.0051813471502590676,Västmanland
794,2020-03-12,0,0.0,Västmanland
815,2020-03-13,5,0.0051813471502590676,Västmanland
836,2020-03-14,0,0.0051813471502590676,Västmanland
857,2020-03-15,0,0.010362694300518135,Västmanland
878,2020-03-16,7,0.010362694300518135,Västmanland
899,2020-03-17,6,0.0051813471502590676,Västmanland
920,2020-03-18,0,0.031088082901554404,Västmanland
941,2020-03-19,1,0.036269430051813475,Västmanland
962,2020-03-20,2,0.046632124352331605,Västmanland
983,2020-03-21,0,0.04145077720207254,Västmanland
1004,2020-03-22,0,0.06217616580310881,Västmanland
1025,2020-03-23,3,0.05699481865284974,Västmanland
1046,2020-03-24,4,0.10880829015544041,Västmanland
1067,2020-03-25,3,0.11398963730569948,Västmanland
1088,2020-03-26,5,0.16062176165803108,Västmanland
1109,2020-03-27,11,0.16580310880829016,Västmanland
1130,2020-03-28,3,0.18134715025906736,Västmanland
1151,2020-03-29,0,0.20207253886010365,Västmanland
1172,2020-03-30,23,0.2227979274611399,Västmanland
1193,2020-03-31,10,0.2538860103626943,Västmanland
1214,2020-04-01,11,0.2746113989637306,Västmanland
1293,2020-04-02,18,2.0,Västmanland
1311,2020-04-03,27,2.0,Västmanland
1335,2020-04-04,14,0.0,Västmanland
1344,2020-04-05,7,0.0,Västmanland
1364,2020-04-06,18,1.0,Västmanland
1386,2020-04-07,46,2.0,Västmanland
1427,2020-04-08,23,8.0,Västmanland
1434,2020-04-09,25,0.0,Västmanland
1468,2020-04-10,27,1.0,Västmanland
1478,2020-04-11,33,0.0,Västmanland
1506,2020-04-12,18,0.0,Västmanland
1536,2020-04-13,18,0.0,Västmanland
1553,2020-04-14,12,1.0,Västmanland
1577,2020-04-15,30,6.0,Västmanland
1588,2020-04-16,31,3.0,Västmanland
1617,2020-04-17,27,1.0,Västmanland
1639,2020-04-18,18,2.0,Västmanland
1660,2020-04-19,29,1.0,Västmanland
1686,2020-04-20,28,0.0,Västmanland
1703,2020-04-21,37,6.0,Västmanland
1728,2020-04-22,18,28.0,Västmanland
1744,2020-04-23,26,1.0,Västmanland
1768,2020-04-24,37,12.0,Västmanland
1789,2020-04-25,0,1.0,Västmanland
1810,2020-04-26,24,0.0,Västmanland
1832,2020-04-27,24,0.0,Västmanland
1856,2020-04-28,21,0.0,Västmanland
1875,2020-04-29,24,8.0,Västmanland
1894,2020-04-30,12,3.0,Västmanland
18,2020-02-04,0,0.0,Västra Götaland
39,2020-02-05,0,0.0,Västra Götaland
60,2020-02-06,0,0.0,Västra Götaland
81,2020-02-07,0,0.0,Västra Götaland
102,2020-02-08,0,0.0,Västra Götaland
123,2020-02-09,0,0.0,Västra Götaland
144,2020-02-10,0,0.0,Västra Götaland
165,2020-02-11,0,0.0,Västra Götaland
186,2020-02-12,0,0.0,Västra Götaland
207,2020-02-13,0,0.0,Västra Götaland
228,2020-02-14,0,0.0,Västra Götaland
249,2020-02-15,0,0.0,Västra Götaland
270,2020-02-16,0,0.0,Västra Götaland
291,2020-02-17,0,0.0,Västra Götaland
312,2020-02-18,0,0.0,Västra Götaland
333,2020-02-19,0,0.0,Västra Götaland
354,2020-02-20,0,0.0,Västra Götaland
375,2020-02-21,0,0.0,Västra Götaland
396,2020-02-22,0,0.0,Västra Götaland
417,2020-02-23,0,0.0,Västra Götaland
438,2020-02-24,0,0.0,Västra Götaland
459,2020-02-25,0,0.0,Västra Götaland
480,2020-02-26,1,0.0,Västra Götaland
501,2020-02-27,0,0.0,Västra Götaland
522,2020-02-28,3,0.0,Västra Götaland
543,2020-02-29,2,0.0,Västra Götaland
564,2020-03-01,0,0.0,Västra Götaland
585,2020-03-02,3,0.0,Västra Götaland
606,2020-03-03,2,0.0,Västra Götaland
627,2020-03-04,1,0.0,Västra Götaland
648,2020-03-05,1,0.0,Västra Götaland
669,2020-03-06,1,0.0,Västra Götaland
690,2020-03-07,5,0.0,Västra Götaland
711,2020-03-08,11,0.0,Västra Götaland
732,2020-03-09,15,0.0,Västra Götaland
753,2020-03-10,13,0.0,Västra Götaland
774,2020-03-11,57,0.023316062176165803,Västra Götaland
795,2020-03-12,19,0.0,Västra Götaland
816,2020-03-13,19,0.023316062176165803,Västra Götaland
837,2020-03-14,5,0.023316062176165803,Västra Götaland
858,2020-03-15,18,0.046632124352331605,Västra Götaland
879,2020-03-16,6,0.046632124352331605,Västra Götaland
900,2020-03-17,13,0.023316062176165803,Västra Götaland
921,2020-03-18,10,0.13989637305699482,Västra Götaland
942,2020-03-19,14,0.16321243523316062,Västra Götaland
963,2020-03-20,23,0.20984455958549222,Västra Götaland
984,2020-03-21,8,0.18652849740932642,Västra Götaland
1005,2020-03-22,4,0.27979274611398963,Västra Götaland
1026,2020-03-23,9,0.2564766839378238,Västra Götaland
1047,2020-03-24,10,0.48963730569948183,Västra Götaland
1068,2020-03-25,19,0.5129533678756476,Västra Götaland
1089,2020-03-26,20,0.7227979274611399,Västra Götaland
1110,2020-03-27,18,0.7461139896373057,Västra Götaland
1131,2020-03-28,25,0.8160621761658031,Västra Götaland
1152,2020-03-29,15,0.9093264248704662,Västra Götaland
1173,2020-03-30,27,1.0025906735751295,Västra Götaland
1194,2020-03-31,29,1.1424870466321244,Västra Götaland
1215,2020-04-01,29,1.2357512953367875,Västra Götaland
1294,2020-04-02,47,9.0,Västra Götaland
1310,2020-04-03,48,5.0,Västra Götaland
1336,2020-04-04,30,4.0,Västra Götaland
1343,2020-04-05,30,0.0,Västra Götaland
1380,2020-04-06,53,3.0,Västra Götaland
1404,2020-04-07,64,5.0,Västra Götaland
1428,2020-04-08,68,7.0,Västra Götaland
1433,2020-04-09,116,6.0,Västra Götaland
1469,2020-04-10,69,10.0,Västra Götaland
1477,2020-04-11,32,0.0,Västra Götaland
1503,2020-04-12,42,1.0,Västra Götaland
1537,2020-04-13,48,1.0,Västra Götaland
1554,2020-04-14,63,3.0,Västra Götaland
1562,2020-04-15,70,6.0,Västra Götaland
1587,2020-04-16,84,7.0,Västra Götaland
1618,2020-04-17,77,8.0,Västra Götaland
1640,2020-04-18,48,5.0,Västra Götaland
1661,2020-04-19,31,1.0,Västra Götaland
1677,2020-04-20,50,2.0,Västra Götaland
1704,2020-04-21,123,20.0,Västra Götaland
1721,2020-04-22,79,28.0,Västra Götaland
1747,2020-04-23,72,3.0,Västra Götaland
1765,2020-04-24,147,15.0,Västra Götaland
1787,2020-04-25,94,12.0,Västra Götaland
1811,2020-04-26,46,1.0,Västra Götaland
1831,2020-04-27,100,2.0,Västra Götaland
1855,2020-04-28,83,12.0,Västra Götaland
1876,2020-04-29,149,16.0,Västra Götaland
1892,2020-04-30,41,17.0,Västra Götaland
19,2020-02-04,0,0.0,Örebro
40,2020-02-05,0,0.0,Örebro
61,2020-02-06,0,0.0,Örebro
82,2020-02-07,0,0.0,Örebro
103,2020-02-08,0,0.0,Örebro
124,2020-02-09,0,0.0,Örebro
145,2020-02-10,0,0.0,Örebro
166,2020-02-11,0,0.0,Örebro
187,2020-02-12,0,0.0,Örebro
208,2020-02-13,0,0.0,Örebro
229,2020-02-14,0,0.0,Örebro
250,2020-02-15,0,0.0,Örebro
271,2020-02-16,0,0.0,Örebro
292,2020-02-17,0,0.0,Örebro
313,2020-02-18,0,0.0,Örebro
334,2020-02-19,0,0.0,Örebro
355,2020-02-20,0,0.0,Örebro
376,2020-02-21,0,0.0,Örebro
397,2020-02-22,0,0.0,Örebro
418,2020-02-23,0,0.0,Örebro
439,2020-02-24,0,0.0,Örebro
460,2020-02-25,0,0.0,Örebro
481,2020-02-26,0,0.0,Örebro
502,2020-02-27,0,0.0,Örebro
523,2020-02-28,0,0.0,Örebro
544,2020-02-29,0,0.0,Örebro
565,2020-03-01,0,0.0,Örebro
586,2020-03-02,0,0.0,Örebro
607,2020-03-03,0,0.0,Örebro
628,2020-03-04,1,0.0,Örebro
649,2020-03-05,0,0.0,Örebro
670,2020-03-06,0,0.0,Örebro
691,2020-03-07,1,0.0,Örebro
712,2020-03-08,2,0.0,Örebro
733,2020-03-09,0,0.0,Örebro
754,2020-03-10,0,0.0,Örebro
775,2020-03-11,0,0.0025906735751295338,Örebro
796,2020-03-12,3,0.0,Örebro
817,2020-03-13,2,0.0025906735751295338,Örebro
838,2020-03-14,0,0.0025906735751295338,Örebro
859,2020-03-15,0,0.0051813471502590676,Örebro
880,2020-03-16,0,0.0051813471502590676,Örebro
901,2020-03-17,16,0.0025906735751295338,Örebro
922,2020-03-18,3,0.015544041450777202,Örebro
943,2020-03-19,9,0.018134715025906738,Örebro
964,2020-03-20,5,0.023316062176165803,Örebro
985,2020-03-21,0,0.02072538860103627,Örebro
1006,2020-03-22,0,0.031088082901554404,Örebro
1027,2020-03-23,6,0.02849740932642487,Örebro
1048,2020-03-24,11,0.054404145077720206,Örebro
1069,2020-03-25,8,0.05699481865284974,Örebro
1090,2020-03-26,6,0.08031088082901554,Örebro
1111,2020-03-27,6,0.08290155440414508,Örebro
1132,2020-03-28,8,0.09067357512953368,Örebro
1153,2020-03-29,3,0.10103626943005183,Örebro
1174,2020-03-30,17,0.11139896373056996,Örebro
1195,2020-03-31,11,0.12694300518134716,Örebro
1216,2020-04-01,5,0.1373056994818653,Örebro
1295,2020-04-02,28,1.0,Örebro
1309,2020-04-03,20,0.0,Örebro
1337,2020-04-04,3,0.0,Örebro
1362,2020-04-05,0,0.0,Örebro
1381,2020-04-06,12,0.0,Örebro
1405,2020-04-07,73,0.0,Örebro
1426,2020-04-08,36,2.0,Örebro
1432,2020-04-09,10,1.0,Örebro
1471,2020-04-10,7,1.0,Örebro
1476,2020-04-11,13,0.0,Örebro
1502,2020-04-12,75,0.0,Örebro
1521,2020-04-13,21,0.0,Örebro
1555,2020-04-14,52,1.0,Örebro
1578,2020-04-15,30,1.0,Örebro
1586,2020-04-16,30,0.0,Örebro
1619,2020-04-17,32,1.0,Örebro
1641,2020-04-18,52,12.0,Örebro
1662,2020-04-19,6,0.0,Örebro
1676,2020-04-20,23,2.0,Örebro
1705,2020-04-21,64,12.0,Örebro
1720,2020-04-22,27,5.0,Örebro
1748,2020-04-23,38,5.0,Örebro
1766,2020-04-24,41,4.0,Örebro
1791,2020-04-25,37,4.0,Örebro
1809,2020-04-26,17,0.0,Örebro
1834,2020-04-27,18,3.0,Örebro
1854,2020-04-28,74,3.0,Örebro
1874,2020-04-29,34,3.0,Örebro
1910,2020-04-30,17,0.0,Örebro
20,2020-02-04,0,0.0,Östergötland
41,2020-02-05,0,0.0,Östergötland
62,2020-02-06,0,0.0,Östergötland
83,2020-02-07,0,0.0,Östergötland
104,2020-02-08,0,0.0,Östergötland
125,2020-02-09,0,0.0,Östergötland
146,2020-02-10,0,0.0,Östergötland
167,2020-02-11,0,0.0,Östergötland
188,2020-02-12,0,0.0,Östergötland
209,2020-02-13,0,0.0,Östergötland
230,2020-02-14,0,0.0,Östergötland
251,2020-02-15,0,0.0,Östergötland
272,2020-02-16,0,0.0,Östergötland
293,2020-02-17,0,0.0,Östergötland
314,2020-02-18,0,0.0,Östergötland
335,2020-02-19,0,0.0,Östergötland
356,2020-02-20,0,0.0,Östergötland
377,2020-02-21,0,0.0,Östergötland
398,2020-02-22,0,0.0,Östergötland
419,2020-02-23,0,0.0,Östergötland
440,2020-02-24,0,0.0,Östergötland
461,2020-02-25,0,0.0,Östergötland
482,2020-02-26,0,0.0,Östergötland
503,2020-02-27,0,0.0,Östergötland
524,2020-02-28,0,0.0,Östergötland
545,2020-02-29,0,0.0,Östergötland
566,2020-03-01,0,0.0,Östergötland
587,2020-03-02,0,0.0,Östergötland
608,2020-03-03,0,0.0,Östergötland
629,2020-03-04,0,0.0,Östergötland
650,2020-03-05,0,0.0,Östergötland
671,2020-03-06,0,0.0,Östergötland
692,2020-03-07,0,0.0,Östergötland
713,2020-03-08,0,0.0,Östergötland
734,2020-03-09,0,0.0,Östergötland
755,2020-03-10,0,0.0,Östergötland
776,2020-03-11,0,0.02072538860103627,Östergötland
797,2020-03-12,1,0.0,Östergötland
818,2020-03-13,10,0.02072538860103627,Östergötland
839,2020-03-14,7,0.02072538860103627,Östergötland
860,2020-03-15,9,0.04145077720207254,Östergötland
881,2020-03-16,8,0.04145077720207254,Östergötland
902,2020-03-17,13,0.02072538860103627,Östergötland
923,2020-03-18,28,0.12435233160621761,Östergötland
944,2020-03-19,28,0.1450777202072539,Östergötland
965,2020-03-20,22,0.18652849740932642,Östergötland
986,2020-03-21,12,0.16580310880829016,Östergötland
1007,2020-03-22,13,0.24870466321243523,Östergötland
1028,2020-03-23,18,0.22797927461139897,Östergötland
1049,2020-03-24,30,0.43523316062176165,Östergötland
1070,2020-03-25,11,0.45595854922279794,Östergötland
1091,2020-03-26,29,0.6424870466321243,Östergötland
1112,2020-03-27,33,0.6632124352331606,Östergötland
1133,2020-03-28,42,0.7253886010362695,Östergötland
1154,2020-03-29,40,0.8082901554404146,Östergötland
1175,2020-03-30,27,0.8911917098445596,Östergötland
1196,2020-03-31,47,1.0155440414507773,Östergötland
1217,2020-04-01,63,1.0984455958549224,Östergötland
1296,2020-04-02,70,8.0,Östergötland
1308,2020-04-03,28,2.0,Östergötland
1338,2020-04-04,58,2.0,Östergötland
1342,2020-04-05,41,0.0,Östergötland
1382,2020-04-06,39,5.0,Östergötland
1406,2020-04-07,57,0.0,Östergötland
1425,2020-04-08,57,10.0,Östergötland
1431,2020-04-09,54,0.0,Östergötland
1472,2020-04-10,31,5.0,Östergötland
1475,2020-04-11,26,0.0,Östergötland
1501,2020-04-12,22,2.0,Östergötland
1529,2020-04-13,31,0.0,Östergötland
1541,2020-04-14,23,1.0,Östergötland
1563,2020-04-15,31,14.0,Östergötland
1585,2020-04-16,19,7.0,Östergötland
1620,2020-04-17,29,2.0,Östergötland
1642,2020-04-18,52,0.0,Östergötland
1663,2020-04-19,16,0.0,Östergötland
1675,2020-04-20,24,0.0,Östergötland
1706,2020-04-21,35,6.0,Östergötland
1719,2020-04-22,29,16.0,Östergötland
1749,2020-04-23,29,1.0,Östergötland
1772,2020-04-24,33,9.0,Östergötland
1792,2020-04-25,30,1.0,Östergötland
1813,2020-04-26,6,0.0,Östergötland
1835,2020-04-27,13,0.0,Östergötland
1851,2020-04-28,34,1.0,Östergötland
1878,2020-04-29,19,9.0,Östergötland
1913,2020-04-30,13,1.0,Östergötland
