"Region, subregion, country or area *",0-9,10-19,20-29,30-39,40-49,50-59,60-69,70-79,80+
Afghanistan,11088.732,9821.559,7035.871,4534.646,2963.459,1840.198,1057.496,480.455,105.925
Africa,381402.490,297692.210,224709.051,169886.397,116573.518,76436.014,46583.911,21390.005,5924.517
African Group,381085.458,297389.798,224441.270,169644.536,116345.211,76241.552,46454.815,21329.313,5894.638
African Union,381198.052,297488.167,224546.255,169753.251,116428.005,76293.503,46483.189,21336.925,5896.574
African Union: Central Africa,50720.352,37205.247,25933.295,18278.461,11819.384,7551.738,4493.182,2079.291,538.688
African Union: Eastern Africa,112738.875,92426.453,69256.657,47711.467,31707.594,19928.644,11792.770,5500.894,1500.318
African Union: Northern Africa,46182.247,35145.980,32681.772,31885.966,23976.750,17686.493,11814.518,5603.722,2055.451
African Union: Southern Africa,49795.675,40438.906,31266.210,24993.232,16666.972,10571.202,6428.545,3013.777,827.669
African Union: Western Africa,121760.903,92271.581,65408.321,46884.125,32257.305,20555.426,11954.174,5139.241,974.448
African, Caribbean and Pacific (ACP) Group of States,343018.234,270199.394,199447.358,144803.600,98160.721,63814.499,37976.376,17548.426,4711.298
Albania,333.832,361.778,472.679,390.773,323.019,386.091,330.242,194.668,84.718
Algeria,9677.490,6731.747,6573.715,7275.235,5448.619,3800.056,2530.542,1237.834,575.805
Andean Community,18501.872,18668.161,19298.568,17273.399,14124.034,11332.590,7751.053,4197.235,2023.907
Angola,10899.168,7881.779,5306.037,3699.729,2412.735,1464.602,785.897,331.729,84.592
Antigua and Barbuda,14.583,13.867,14.894,14.094,13.860,12.832,8.043,4.101,1.654
Argentina,7446.468,7136.711,6997.584,6441.412,5727.744,4424.940,3528.742,2300.637,1191.539
Armenia,418.859,368.930,408.924,503.953,353.088,362.653,328.402,126.743,91.682
Aruba,11.757,14.010,14.980,11.244,14.271,17.205,13.754,6.958,2.587
Asia,726754.901,719074.498,718651.698,719723.433,617757.912,532549.792,359182.223,175891.713,71468.616
Asia-Pacific Economic Cooperation (APEC),384728.558,378029.224,405353.503,450790.061,421268.760,405516.914,297080.316,155870.830,73611.316
Asia-Pacific Group,723816.763,716810.679,715936.099,716660.074,615321.597,530124.269,357231.190,174927.335,70854.224
Association of Southeast Asian Nations (ASEAN),112696.315,109933.665,108491.777,100772.397,89090.321,71943.141,46095.039,20095.157,8183.600
Australia,3308.974,3130.480,3375.454,3718.344,3306.060,3107.735,2651.187,1846.376,1055.271
Australia/New Zealand,3924.258,3755.433,4046.689,4337.410,3897.934,3736.426,3173.499,2208.208,1242.257
Austria,874.182,876.208,1115.377,1243.416,1178.265,1407.000,1033.320,790.437,488.195
Azerbaijan,1686.038,1335.458,1608.985,1766.692,1280.803,1281.076,804.308,242.762,133.053
BRIC,453228.771,465222.611,474761.671,503412.018,435609.260,393636.971,274212.947,128020.972,49716.807
BRICS,464814.376,475631.785,484903.160,513567.343,442652.535,398548.503,277377.388,129497.027,50138.601
Bahamas,53.654,63.795,66.568,55.457,56.496,49.222,29.430,13.645,4.981
Bahrain,218.135,181.855,306.670,507.733,256.721,140.231,66.572,17.818,5.848
Bangladesh,28972.610,30674.422,29765.033,26511.633,20651.270,15005.703,7296.837,4095.812,1716.063
Barbados,30.618,36.512,37.578,37.124,39.067,39.936,33.573,20.154,12.809
Belarus,1143.840,928.883,1077.802,1530.348,1285.401,1345.791,1243.251,525.562,368.443
Belgium,1302.703,1312.251,1386.085,1503.997,1518.439,1598.741,1369.876,939.413,658.111
Belize,78.106,77.850,75.819,59.715,43.958,31.810,17.814,8.311,4.238
Belt-Road Initiative (BRI),707649.497,611359.475,544143.613,490209.486,391140.681,301232.278,206364.756,103408.617,47553.392
Belt-Road Initiative: Africa,335827.697,262515.299,200151.064,152722.403,105093.812,69230.961,42301.969,19382.172,5434.199
Belt-Road Initiative: Asia,290955.974,270387.327,262107.170,242188.693,198013.134,151984.941,94896.433,44126.981,17865.072
Belt-Road Initiative: Europe,44442.918,42027.891,45439.881,62166.174,60047.962,56218.676,52801.528,30912.064,19838.281
Belt-Road Initiative: Latin America and the Caribbean,33296.563,33569.344,33954.027,31065.159,26276.005,22390.327,15377.874,8450.076,4190.580
Belt-Road Initiative: Pacific,3126.345,2859.614,2491.471,2067.057,1709.768,1407.373,986.952,537.324,225.260
Benin,3596.950,2779.486,2061.768,1436.443,981.832,650.681,379.183,184.835,52.020
Bhutan,125.828,135.993,153.314,138.681,89.604,59.014,36.908,22.234,10.036
Black Sea Economic Cooperation (BSEC),44338.714,41020.985,42178.421,54547.504,48158.720,42928.348,38502.889,19811.077,11870.528
Bolivarian Alliance for the Americas (ALBA),10062.109,10031.629,8862.311,8342.544,7210.264,6451.331,4233.410,2362.953,1133.797
Bolivia (Plurinational State of),2364.587,2297.696,2039.534,1639.099,1238.343,883.592,615.318,391.941,202.919
Bosnia and Herzegovina,295.212,346.275,403.272,458.385,447.738,500.182,463.795,242.498,123.458
Botswana,539.005,472.033,402.509,365.289,261.015,146.583,104.251,48.558,12.382
Brazil,29076.910,31160.446,34104.643,34476.762,29462.006,24421.202,16896.862,8801.551,4159.027
Brunei Darussalam,66.355,65.084,69.696,76.568,68.003,50.221,28.513,9.569,3.474
Bulgaria,649.382,685.881,689.917,957.591,1061.985,944.704,922.592,710.368,326.025
Burkina Faso,6552.188,5029.543,3508.065,2428.033,1587.133,977.490,538.877,234.237,47.712
Burundi,3872.447,2725.292,2029.581,1539.547,747.632,491.974,339.631,112.129,32.548
Cabo Verde,105.076,99.937,97.845,98.286,64.906,47.912,26.373,9.056,6.597
Cambodia,3530.587,3100.069,3117.605,2889.268,1429.087,1387.484,816.776,352.445,95.650
Cameroon,7846.026,6176.459,4551.787,3399.842,2141.843,1288.477,733.299,332.734,75.397
Canada,3970.921,3971.320,5096.616,5278.661,4846.667,5182.433,4712.744,3018.676,1664.119
Caribbean,6919.236,6956.741,6688.381,6171.780,5249.580,5071.313,3385.873,2042.891,1046.579
Caribbean Community and Common Market (CARICOM),3651.817,3513.773,3269.911,2843.849,2040.782,1629.344,1096.763,563.938,239.646
Central African Republic,1435.609,1264.608,839.990,501.335,339.529,232.596,139.061,61.506,15.530
Central America,32244.164,32215.986,31014.514,26324.890,22036.581,16634.374,10882.385,5572.408,2744.884
Central Asia,16021.724,12079.588,12261.432,11933.611,8483.576,6925.986,4464.695,1456.933,711.381
Central European Free Trade Agreement (CEFTA),2596.193,2847.164,3388.629,3791.534,3504.284,3473.331,3311.766,1888.113,945.644
Central and Southern Asia,367984.455,371654.232,350318.907,313060.686,240743.853,180278.909,117825.504,54110.706,18731.279
Chad,5452.549,4038.728,2781.017,1769.646,1082.831,654.647,417.349,180.661,48.431
Channel Islands,17.563,17.780,21.769,23.889,24.914,26.178,20.012,13.293,8.461
Chile,2428.079,2493.879,2995.538,2945.404,2578.404,2352.271,1791.787,993.126,537.721
China,170667.620,166604.610,185147.170,228830.425,216111.763,222185.873,151663.905,71494.305,26618.103
China (and dependencies),173453.518,169392.914,189223.485,233630.978,221122.138,227152.612,155892.794,73538.070,27880.370
China, Hong Kong SAR,664.195,552.659,867.629,1122.165,1129.130,1207.906,1048.881,525.084,379.339
China, Macao SAR,68.817,46.834,88.332,129.802,93.402,99.615,78.994,29.881,13.665
China, Taiwan Province of China,2052.886,2188.811,3120.354,3548.586,3787.843,3659.218,3101.014,1488.800,869.263
Colombia,7414.155,8119.876,8847.061,7810.299,6450.787,5543.980,3771.358,1979.761,945.607
Commonwealth of Independent States (CIS),42906.637,34771.699,36434.252,48185.993,38747.397,35240.924,31370.170,14070.137,8865.629
Commonwealth of Nations,514485.517,489675.692,438356.205,378554.265,289264.637,216412.225,143014.611,69962.808,25659.590
Commonwealth: Africa,168274.900,133297.765,98174.153,74419.840,50178.163,31568.628,18300.435,8008.542,1771.441
Commonwealth: Asia,326335.092,337376.243,319172.447,282408.354,219464.705,164957.844,108342.461,50300.860,17295.167
Commonwealth: Caribbean and Americas,5016.568,5035.710,6225.804,6307.349,5707.513,5956.474,5248.114,3303.344,1796.938
Commonwealth: Europe,8219.551,7825.057,8805.721,9548.766,8830.325,9374.215,7464.858,5954.482,3511.929
Commonwealth: Pacific,6639.406,6140.917,5978.080,5869.956,5083.931,4555.064,3658.743,2395.580,1284.115
Comoros,237.638,191.268,150.845,117.377,77.036,50.892,29.656,11.659,3.224
Congo,1592.335,1257.964,874.261,680.079,535.814,327.892,164.737,69.397,15.613
Costa Rica,705.598,718.837,824.456,825.655,650.562,602.395,423.008,230.865,112.738
Countries with Access to the Sea,1190976.717,1129290.609,1091681.191,1073380.651,918091.945,793418.687,564058.373,298516.144,139789.014
Countries with Access to the Sea: Africa,277932.553,215931.277,165092.028,129995.089,90978.633,60658.298,37066.899,16831.604,4723.180
Countries with Access to the Sea: Asia,689646.520,687246.146,689434.157,695402.299,600345.999,518932.536,350526.003,172554.998,70134.184
Countries with Access to the Sea: Europe,72742.950,71195.215,75813.982,95304.472,94175.403,94892.906,83406.395,54806.994,36728.385
Countries with Access to the Sea: Latin America and the Caribbean,100138.747,102277.233,103989.180,96698.629,82160.694,66930.555,46097.704,24775.345,12088.686
Countries with Access to the Sea: Northern America,43705.752,46319.089,51206.782,49962.411,45209.242,47322.935,43217.068,27110.565,14815.800
Countries with Access to the Sea: Oceania,6810.195,6321.649,6145.062,6017.751,5221.974,4681.457,3744.304,2436.638,1298.779
Croatia,385.776,408.106,472.200,539.291,557.002,581.383,565.378,361.955,234.177
Cuba,1199.376,1246.732,1421.019,1523.033,1561.982,1967.295,1174.022,804.207,428.950
Curaçao,19.331,21.574,19.538,18.723,20.281,24.426,20.705,13.005,6.517
Cyprus,132.393,141.657,191.802,188.389,166.628,147.538,120.401,78.681,39.872
Czechia,1113.646,1061.331,1105.339,1478.210,1798.354,1351.270,1324.617,1031.099,445.116
Côte d'Ivoire,7750.286,6104.858,4660.994,3172.215,2117.552,1337.226,822.066,341.744,71.334
Dem. People's Republic of Korea,3430.371,3561.229,3925.716,3641.894,3714.316,3622.786,2134.683,1303.959,443.861
Democratic Republic of the Congo,29487.306,21000.020,14169.236,9762.334,6605.529,4347.003,2585.841,1268.686,335.449
Denmark,606.029,675.948,775.962,672.290,738.207,810.126,654.530,586.138,272.973
Denmark (and dependencies),619.671,690.563,790.687,685.479,750.260,826.369,666.258,592.756,275.797
Djibouti,197.110,179.320,177.328,162.416,120.922,78.077,44.334,22.330,6.165
Dominican Republic,1999.348,1935.875,1854.317,1564.382,1274.489,1014.335,682.139,341.500,181.519
ECE: North America-2,43692.405,46303.715,51190.691,49946.931,45195.064,47302.510,43200.914,27101.273,14811.301
ECE: UNECE-52,157363.193,153788.182,164488.304,184049.333,172673.068,170435.538,148154.512,93272.366,57257.992
ECLAC: Latin America,102270.470,104100.244,105617.763,97819.416,82575.401,66859.245,45985.746,24686.419,12019.328
ECLAC: The Caribbean,1616.419,1810.590,1731.594,1627.038,1550.819,1502.745,1129.104,694.127,362.381
ESCAP region: East and North-East Asia,189902.260,187286.204,209392.482,255823.821,248163.576,252448.446,177413.766,93159.139,40683.158
ESCAP region: North and Central Asia,37302.391,29511.070,30387.824,39237.887,31010.730,27991.004,24558.632,10624.942,6740.490
ESCAP region: Pacific,6808.751,6319.893,6143.290,6016.362,5220.140,4679.742,3742.718,2435.938,1298.379
ESCAP region: South and South-West Asia,365382.001,373169.793,351231.638,313901.806,243706.856,182261.346,119553.201,56007.352,19494.679
ESCAP region: South-East Asia,113028.193,110240.381,108736.685,100931.424,89191.109,72031.614,46145.183,20124.071,8191.194
ESCAP: ADB Developing member countries (DMCs),642722.713,641285.129,635943.752,630070.771,537139.306,468523.125,311659.631,143945.866,52944.512
ESCAP: ADB Group A (Concessional assistance only),35401.645,33856.954,29857.135,23258.702,17309.775,13123.219,8157.057,3493.496,999.896
ESCAP: ADB Group B (OCR blend),327232.328,336491.634,317846.023,280487.189,216956.006,162363.652,105872.122,48628.520,16739.677
ESCAP: ADB Group C (Regular OCR only),280088.740,270936.541,288240.594,326324.880,302873.525,293036.254,197630.452,91823.850,35204.939
ESCAP: ASEAN,112696.315,109933.665,108491.777,100772.397,89090.321,71943.141,46095.039,20095.157,8183.600
ESCAP: Central Asia,18679.784,14255.033,14780.039,14769.332,10635.413,9093.338,6057.263,2075.224,1085.084
ESCAP: ECO,110243.852,94007.118,86353.720,78565.149,57078.780,42373.627,26818.210,12447.265,4743.072
ESCAP: HDI groups,712423.596,706527.341,705891.919,715911.300,617292.411,539412.152,371413.500,182351.442,76407.900
ESCAP: Landlocked countries (LLDCs),37108.381,31828.352,29217.541,24321.134,17411.913,13617.256,8656.220,3336.715,1334.432
ESCAP: Least Developed Countries (LDCs),60409.854,61783.583,56913.834,47326.891,36382.576,26860.457,14708.493,7370.081,2618.404
ESCAP: Pacific island dev. econ.,2884.493,2564.460,2096.601,1678.952,1322.206,943.316,569.219,227.730,56.122
ESCAP: SAARC,337396.875,347826.716,325714.568,284387.629,220604.661,165057.592,107963.904,50299.166,17125.541
ESCAP: WB High income econ.,19654.691,21072.477,24889.742,28210.793,32956.174,31159.544,27525.045,22842.432,14994.582
ESCAP: WB Low income econ.,19982.086,19502.918,16847.961,11969.282,9723.428,7770.684,4680.257,2595.949,771.399
ESCAP: WB Lower middle income econ.,435205.913,439352.392,416481.372,371459.871,295148.509,223845.212,144553.533,65084.547,23057.851
ESCAP: WB Upper middle income econ.,237578.028,226596.656,247670.288,304269.140,279461.784,276634.087,194652.662,91827.448,37583.642
ESCAP: WB income groups,712420.718,706524.443,705889.363,715909.086,617289.895,539409.527,371411.497,182350.376,76407.474
ESCAP: high HDI,19571.078,20982.993,24804.366,28124.441,32874.584,31088.122,27478.751,22818.085,14985.831
ESCAP: high income,19604.738,21016.597,24839.246,28161.141,32906.020,31113.719,27495.279,22829.481,14989.964
ESCAP: income groups,712423.596,706527.341,705891.919,715911.300,617292.411,539412.152,371413.500,182351.442,76407.900
ESCAP: low HDI,353483.011,363139.670,339969.422,296403.437,229122.683,171454.233,111527.663,51360.267,17398.401
ESCAP: low income,380581.617,386814.566,366271.689,322806.463,251004.294,189817.410,123296.612,56121.803,20020.654
ESCAP: lower middle HDI,278104.233,268716.391,286580.546,323551.914,300808.271,291177.175,195418.396,90683.031,34675.819
ESCAP: lower middle income,100377.979,95271.829,92303.688,90027.230,79044.951,63211.186,40618.146,18400.172,6962.773
ESCAP: other Asia-Pacific countries/areas,39631.714,33983.186,34320.824,34110.050,25896.164,16569.225,9893.995,4447.946,1975.029
ESCAP: upper middle HDI,61265.274,53688.287,54537.585,67831.508,54486.873,45692.622,36988.690,17490.059,9347.849
ESCAP: upper middle income,211859.262,203424.349,222477.296,274916.466,254337.146,255269.837,180003.463,84999.986,34434.509
ESCWA: Arab countries,99754.859,79867.002,73227.717,68232.523,49939.437,33163.230,19946.636,9072.043,3175.428
ESCWA: Arab least developed countries,27120.154,22189.664,17169.855,11777.659,7764.607,5105.877,3103.263,1447.804,396.830
ESCWA: Gulf Cooperation Council countries,8897.499,7177.057,10058.569,13821.966,10385.757,5285.776,2127.646,685.891,223.934
ESCWA: Maghreb countries,19733.285,15654.625,15277.755,15959.123,12522.722,9522.500,6512.414,2997.944,1271.138
ESCWA: Mashreq countries,44003.921,34845.656,30721.538,26673.775,19266.351,13249.077,8203.313,3940.404,1283.526
ESCWA: member countries,84427.257,68827.077,63631.953,59143.091,43238.966,28500.233,16879.314,7590.113,2539.012
East African Community (EAC),57911.330,46498.333,33516.774,24419.428,15571.739,9400.619,5245.673,2197.145,522.191
Eastern Africa,130038.385,105675.163,78156.366,54107.638,35270.322,21714.909,12849.530,5977.914,1615.351
Eastern Asia,191955.146,189475.015,212512.836,259372.407,251951.419,256107.664,180514.780,94647.939,41552.421
Eastern Europe,33708.119,30034.079,32275.464,47113.106,42501.791,38010.114,37731.712,19661.248,11977.577
Eastern European Group,39400.590,35402.831,38468.016,54044.552,48695.164,44281.067,43205.125,22653.574,13680.534
Eastern and South-Eastern Asia,304983.339,299715.396,321249.521,360303.831,341142.528,328139.278,226659.963,114772.010,49743.615
Economic Community of Central African States (ECCAS),65180.543,47992.821,33450.375,23790.744,15302.213,9744.787,5724.233,2585.837,666.562
Economic Community of West African States (ECOWAS),121760.903,92271.581,65408.321,46884.125,32257.305,20555.426,11954.174,5139.241,974.448
Economic Cooperation Organization (ECO),110243.852,94007.118,86353.720,78565.149,57078.780,42373.627,26818.210,12447.265,4743.072
Ecuador,3277.730,3115.985,3036.188,2592.839,2088.240,1591.139,1087.738,570.124,283.077
Egypt,25028.540,18385.431,16511.130,15198.349,10948.602,7844.892,5122.657,2530.980,763.822
El Salvador,1146.823,1165.823,1215.814,882.442,725.142,568.071,406.296,248.391,127.399
Equatorial Guinea,371.663,265.297,286.385,248.981,115.362,62.217,34.879,14.721,3.480
Eritrea,971.770,860.625,572.236,460.764,280.842,171.950,128.327,77.082,22.831
Estonia,143.661,137.488,145.554,193.631,184.938,165.283,169.472,107.429,79.083
Eswatini,286.620,277.018,212.887,161.329,104.399,51.717,36.522,22.585,7.087
Ethiopia,32037.548,26828.994,21439.045,13792.878,9038.653,5704.066,3624.554,1929.368,568.477
Eurasian Economic Community (Eurasec),34455.241,27255.765,27937.228,36974.629,29446.473,26633.984,23874.871,10428.755,6684.574
Europe,159641.302,156289.438,168034.962,210625.354,208531.404,208538.204,183885.224,120498.338,79227.864
Europe (48),79820.651,78144.719,84017.481,105312.677,104265.702,104269.102,91942.612,60249.169,39613.932
Europe and Northern America,123526.403,124463.808,135224.263,155275.088,149474.944,151592.037,135159.680,87359.734,54429.732
European Community (EC: 12),38803.463,40686.651,43071.443,48698.407,52550.002,56521.863,45769.022,34533.975,24225.473
European Free Trade Agreement (EFTA),1545.986,1526.587,1818.622,2009.683,1939.864,2081.329,1605.863,1225.103,702.210
European Union (EU: 15),41440.275,43296.646,46136.103,51968.702,55651.950,59946.065,48608.535,36901.644,25556.767
European Union (EU: 28),51791.925,53699.121,57832.019,66971.171,71406.947,73218.388,62368.309,45475.906,30372.740
Fiji,177.140,158.135,141.945,134.954,106.523,91.437,57.119,23.633,5.558
Finland,568.679,606.660,672.353,706.580,659.560,720.555,712.325,582.988,311.018
France,7527.474,7883.477,7371.029,8011.050,8325.667,8635.057,7764.786,5727.704,4027.268
France (and dependencies),7969.258,8347.672,7758.800,8342.754,8690.223,9008.198,8037.635,5881.363,4111.784
French Guiana,66.121,57.553,46.109,38.719,36.990,26.711,17.226,7.222,2.031
French Polynesia,39.634,44.134,40.380,43.367,39.588,35.649,23.042,10.823,4.287
Gabon,600.006,422.770,367.413,350.066,232.164,134.152,71.303,36.693,11.161
Gambia,762.310,556.857,429.179,283.131,174.067,115.911,59.281,30.008,5.920
Georgia,553.163,471.057,500.698,565.076,517.946,523.623,459.858,248.786,148.968
Germany,7880.904,7930.616,9377.361,10872.020,10243.351,13488.393,10644.142,7471.414,5875.744
Ghana,8057.871,6616.721,5398.591,4190.418,3031.250,2134.979,1091.067,456.790,95.258
Greater Arab Free Trade Area (GAFTA),92796.919,74551.269,69417.766,65798.547,48264.953,32033.139,19258.783,8760.761,3096.262
Greece,881.127,1068.855,1057.216,1336.515,1574.409,1505.694,1257.162,956.083,785.995
Grenada,18.131,16.137,18.289,18.210,12.871,12.145,9.576,4.788,2.372
Group of 77 (G77),1145025.987,1056739.852,980940.117,918589.901,749300.919,617369.351,405979.157,190919.021,70415.162
Group of Eight (G8),100942.410,102016.937,110356.334,124047.430,120238.729,123605.798,110758.085,76895.027,49700.261
Group of Seven (G7),82319.803,86760.900,94748.549,99578.875,99863.412,104708.132,92256.716,68345.309,44044.855
Group of Twenty (G20) - member states,651544.619,664522.032,680576.983,710187.559,632018.446,573304.074,415629.816,221160.618,104387.271
Guadeloupe,44.994,58.513,46.878,33.760,49.307,62.202,50.569,32.942,20.962
Guam,26.980,27.161,27.031,21.835,19.936,20.164,14.331,7.781,3.564
Guatemala,4047.467,3871.605,3413.159,2532.064,1701.993,1053.817,718.852,382.507,194.103
Guinea,3965.624,3199.454,2365.739,1470.866,898.439,614.524,408.149,171.250,38.747
Guinea-Bissau,582.349,450.029,342.384,254.506,156.575,92.188,60.416,24.637,4.914
Gulf Cooperation Council (GCC),8897.499,7177.057,10058.569,13821.966,10385.757,5285.776,2127.646,685.891,223.934
Guyana,147.628,145.351,145.306,93.109,90.525,79.337,51.356,22.940,11.007
Haiti,2500.779,2346.529,2044.457,1731.656,1106.487,789.624,523.932,260.215,98.854
High-income countries,138552.860,142310.417,159276.910,173403.354,172829.959,168486.178,143829.871,101191.930,63211.455
Honduras,2005.992,2064.638,1905.418,1470.937,1047.736,680.011,420.078,205.311,104.487
Hungary,908.566,969.207,1151.690,1257.142,1588.213,1201.388,1306.432,846.576,431.136
Iceland,43.070,44.708,47.798,46.871,42.966,42.111,37.536,23.415,12.775
India,234861.634,252201.518,239902.073,215636.276,169660.174,128132.230,87150.811,39175.398,13284.271
Indonesia,47956.446,46303.005,43571.426,41166.622,37846.725,29155.099,17531.211,7574.475,2418.612
Iran (Islamic Republic of),14565.856,11747.928,12342.907,16739.446,11655.616,8295.331,5396.905,2354.607,894.357
Iraq,10610.230,8710.757,7165.590,5403.683,3936.620,2341.152,1292.393,573.718,188.360
Ireland,671.943,668.747,567.337,695.928,763.228,600.933,480.785,330.663,158.232
Israel,1671.096,1405.063,1196.975,1122.245,1040.177,795.496,703.643,459.660,261.186
Italy,4994.995,5733.448,6103.436,6998.434,9022.004,9567.192,7484.862,6028.908,4528.549
Jamaica,464.789,466.600,515.496,443.383,357.430,320.533,214.541,119.521,58.868
Japan,10179.969,11267.171,12147.325,14455.416,18473.075,16541.515,15875.235,16185.375,11351.377
Jordan,2212.563,2179.853,1802.536,1490.608,1141.345,755.591,366.278,190.751,63.615
Kazakhstan,3868.010,2720.923,2573.192,2993.495,2286.421,2039.441,1438.909,552.505,303.811
Kenya,14013.910,12746.879,9594.274,7470.146,4903.045,2805.603,1518.826,574.339,144.278
Kiribati,29.463,23.632,20.524,16.604,11.173,9.988,5.141,2.330,0.591
Kuwait,608.326,533.226,444.882,878.556,965.369,561.299,220.263,48.550,10.092
Kyrgyzstan,1529.450,1100.701,1082.940,1014.705,686.435,581.435,363.824,111.214,53.487
LLDC: Africa,103469.937,81760.933,59617.023,39891.308,25594.885,15777.716,9517.012,4558.401,1201.337
LLDC: Asia,37108.381,31828.352,29217.541,24321.134,17411.913,13617.256,8656.220,3336.715,1334.432
LLDC: Europe,651.610,652.737,853.816,1099.853,862.709,803.847,732.935,318.872,140.964
LLDC: Latin America,3748.498,3633.974,3360.577,2748.225,1965.981,1431.956,1017.480,605.666,293.202
Land-locked Countries,151404.557,124172.822,100398.700,76968.951,55063.191,40203.224,27727.019,13943.158,5714.585
Land-locked Countries (Others),6426.131,6296.826,7349.743,8908.431,9227.703,8572.449,7803.372,5123.504,2744.650
Land-locked Developing Countries (LLDC),144978.426,117875.996,93048.957,68060.520,45835.488,31630.775,19923.647,8819.654,2969.935
Lao People's Democratic Republic,1566.742,1466.251,1362.625,1086.529,772.684,526.577,317.971,136.164,40.013
Latin America and the Caribbean,207774.490,211822.414,214699.514,198893.708,168253.350,136725.022,94230.368,50762.022,24763.776
Latin American Integration Association (ALADI),88547.317,90756.776,93194.142,87756.828,75305.955,61643.672,42462.689,22867.128,11124.044
Latin American and Caribbean Group (GRULAC),103420.948,105266.865,106842.723,98930.890,83508.971,67698.114,46558.044,24989.772,12159.996
Latvia,207.769,188.724,188.223,263.222,253.887,264.242,250.144,162.704,107.287
League of Arab States (LAS, informal name: Arab League),99754.859,79867.002,73227.717,68232.523,49939.437,33163.230,19946.636,9072.043,3175.428
Least developed countries,285555.325,237402.409,184411.628,134612.106,93445.326,62961.866,36246.554,17513.874,5289.075
Least developed: Africa,214611.284,166522.023,119720.591,81413.121,53593.459,33888.950,20134.679,9480.107,2471.275
Least developed: Asia,68134.029,68292.058,62461.557,51325.963,38635.319,28211.203,15547.624,7754.060,2713.062
Least developed: Latin America and the Caribbean,2500.779,2346.529,2044.457,1731.656,1106.487,789.624,523.932,260.215,98.854
Least developed: Oceania,309.233,241.799,185.023,141.366,110.061,72.089,40.319,19.492,5.884
Lebanon,1152.157,1134.997,1176.574,1009.646,862.743,724.778,447.767,211.573,105.207
Lesotho,478.748,428.821,395.192,327.281,210.251,140.771,96.813,48.309,16.066
Less developed regions,1204750.604,1113976.960,1040661.554,976281.609,801309.070,661751.833,437576.888,206705.784,78480.166
Less developed regions, excluding China,1031297.086,944584.046,851438.069,742650.631,580186.932,434599.221,281684.094,133167.714,50599.796
Less developed regions, excluding least developed countries,919195.279,876574.551,856249.926,841669.503,707863.744,598789.967,401330.334,189191.910,73191.091
Less developed: Africa,381402.490,297692.210,224709.051,169886.397,116573.518,76436.014,46583.911,21390.005,5924.517
Less developed: Asia,716574.932,707807.327,706504.373,705268.017,599284.837,516008.277,343306.988,159706.338,60117.239
Less developed: Latin America and the Caribbean,103887.245,105911.207,107349.757,99446.854,84126.675,68362.511,47115.184,25381.011,12381.888
Less developed: Oceania,2885.937,2566.216,2098.373,1680.341,1324.040,945.031,570.805,228.430,56.522
Liberia,1418.816,1175.025,840.853,629.808,444.196,283.828,168.470,76.455,20.226
Libya,1285.421,1185.744,1095.416,1163.468,1049.200,617.154,284.259,138.926,51.699
Lithuania,300.675,242.841,316.878,337.565,355.909,420.558,352.811,223.283,171.771
Low-income countries,224911.617,179569.769,134069.626,93195.222,62528.872,41278.828,24828.994,12027.919,3299.765
Lower-middle-income countries,613940.582,581612.259,527833.441,462274.937,360828.931,269565.934,174748.958,79291.858,28138.384
Luxembourg,65.906,65.901,85.533,98.316,94.600,90.856,62.123,37.873,24.868
Madagascar,7762.937,6342.928,4898.736,3370.908,2387.858,1539.765,915.208,359.863,112.816
Malawi,5662.519,4738.053,3377.518,2286.023,1436.741,846.148,480.248,244.242,58.463
Malaysia,5143.189,5115.769,5770.368,5651.218,3990.533,3146.037,2151.365,1025.181,372.338
Maldives,72.821,59.438,139.684,137.607,64.649,35.316,18.164,8.466,4.397
Mali,6760.319,5009.462,3203.818,2160.455,1485.961,849.119,501.291,231.083,49.326
Malta,43.102,40.927,55.212,65.353,59.446,53.212,57.680,45.166,21.441
Martinique,35.953,47.122,41.372,34.102,44.187,62.795,52.467,33.672,23.595
Mauritania,1307.828,1007.555,787.902,619.779,422.632,267.150,151.073,67.186,18.555
Mauritius,132.886,175.164,196.809,175.108,182.090,175.349,137.990,69.213,27.158
Mayotte,71.474,64.566,43.627,32.986,27.349,16.164,9.372,4.998,2.277
Melanesia,2645.857,2334.972,1901.919,1520.035,1183.592,816.747,486.415,190.422,43.031
Mexico,22169.253,22350.463,21735.593,18880.030,16547.758,12757.971,8264.953,4188.713,2038.019
Micronesia,107.160,103.237,91.988,71.081,59.517,56.333,37.983,16.275,5.353
Micronesia (Fed. States of),24.048,23.299,22.348,15.088,11.429,9.785,6.732,1.929,0.363
Middle Africa,57747.073,42361.734,29209.751,20438.643,13484.487,8524.366,4939.448,2298.891,590.732
Middle-income countries,978440.465,931104.529,898318.885,883389.136,737423.793,623496.463,422866.283,199098.925,78913.136
Mongolia,737.475,500.443,500.016,564.280,423.046,314.052,158.362,59.889,20.729
Montenegro,73.943,78.537,84.196,88.348,83.922,80.320,76.945,40.438,21.413
More developed regions,137630.630,139486.412,151418.277,174067.914,171845.953,171869.978,154208.414,105753.317,67023.366
More developed: Asia,10179.969,11267.171,12147.325,14455.416,18473.075,16541.515,15875.235,16185.375,11351.377
More developed: Europe,79820.651,78144.719,84017.481,105312.677,104265.702,104269.102,91942.612,60249.169,39613.932
More developed: Northern America,43705.752,46319.089,51206.782,49962.411,45209.242,47322.935,43217.068,27110.565,14815.800
More developed: Oceania,3924.258,3755.433,4046.689,4337.410,3897.934,3736.426,3173.499,2208.208,1242.257
Morocco,6752.615,6097.196,5883.278,5606.356,4452.432,3743.784,2735.019,1197.078,442.800
Mozambique,9717.782,7595.458,5294.495,3588.739,2289.288,1400.167,843.662,420.845,104.999
Myanmar,9021.261,9916.644,9163.081,8072.999,7219.970,5573.219,3603.964,1423.030,415.626
Namibia,654.526,526.434,472.709,356.847,237.557,150.334,87.461,41.131,13.917
Nepal,5462.983,6120.130,5886.374,3792.742,3045.653,2307.700,1488.078,811.535,221.613
Netherlands,1752.763,1953.692,2097.480,2097.531,2151.436,2524.072,2129.501,1591.524,836.874
Netherlands (and dependencies),1792.586,1997.431,2142.025,2137.218,2195.872,2576.376,2171.356,1614.917,847.061
New Caledonia,41.314,43.203,43.192,41.491,40.823,34.951,22.795,13.303,4.419
New EU member states (joined since 2004),10351.650,10402.475,11695.916,15002.469,15754.997,13272.323,13759.774,8574.262,4815.973
New Zealand,615.284,624.953,671.235,619.066,591.874,628.691,522.312,361.832,186.986
New Zealand (and dependencies),618.391,628.081,674.056,621.438,594.514,631.457,524.416,362.950,187.462
Nicaragua,1317.146,1240.161,1166.000,1055.452,763.037,507.320,348.752,150.502,76.184
Niger,8758.026,5901.125,3717.357,2259.015,1528.694,1046.850,644.749,295.959,54.861
Nigeria,63852.441,47703.190,33177.419,24368.050,17037.461,10700.171,6258.526,2623.703,418.626
No income group available,476.292,478.657,414.410,361.811,372.399,360.342,260.154,140.327,79.176
Non-Self-Governing Territories,272.145,271.200,271.320,265.777,239.628,202.785,134.746,69.016,27.055
North American Free Trade Agreement (NAFTA),65861.658,68654.178,72926.284,68826.961,61742.822,60060.481,51465.867,31289.986,16849.320
North Atlantic Treaty Organization (NATO),106484.518,111264.713,119648.918,126737.584,125132.177,126424.466,109294.115,73813.548,45455.628
North Macedonia,227.552,233.451,282.983,325.977,299.901,282.832,244.646,133.883,52.155
Northern Africa,57003.225,44262.082,39521.028,36469.432,27281.437,19972.294,13199.405,6269.587,2254.018
Northern Africa and Western Asia,110790.332,91966.952,86604.298,82828.348,63152.968,44103.899,27896.161,13278.584,5247.740
Northern America,87411.504,92638.178,102413.564,99924.822,90418.484,94645.870,86434.136,54221.130,29631.600
Northern Europe,12425.725,12011.784,13314.681,14307.730,13633.912,14252.635,11660.423,9314.177,5340.204
Norway,614.323,643.031,726.383,738.724,724.930,712.508,586.156,446.448,228.739
Oceania,6810.195,6321.649,6145.062,6017.751,5221.974,4681.457,3744.304,2436.638,1298.779
Oceania (excluding Australia and New Zealand),2885.937,2566.216,2098.373,1680.341,1324.040,945.031,570.805,228.430,56.522
Oman,832.573,530.304,1085.543,1439.820,684.969,315.600,142.787,53.058,21.968
Organisation for Economic Co-operation and Development (OECD),151856.706,157793.981,169353.802,176181.472,175867.737,171868.945,145423.566,102021.903,63101.358
Organization for Security and Co-operation in Europe (OSCE),156446.245,152902.087,163811.199,183514.515,172085.520,169984.985,147633.072,92888.798,57028.211
Organization of American States (OAS),147113.353,151570.580,158033.414,148877.821,128704.035,115000.624,89758.958,52091.045,26971.297
Organization of Petroleum Exporting countries (OPEC),129403.194,100418.227,82304.655,77577.730,57059.072,36924.633,21786.225,9539.602,3130.941
Organization of the Islamic Conference (OIC),443447.878,370763.935,319549.820,277082.994,207722.148,146878.074,87917.664,40448.975,13719.000
Pakistan,53462.232,45427.436,39930.362,30816.023,21248.747,15122.613,8902.414,4558.929,1423.575
Panama,773.779,726.609,678.255,618.595,556.395,432.979,282.632,157.808,87.716
Papua New Guinea,2150.348,1917.883,1554.184,1220.537,938.384,629.119,372.086,136.655,27.831
Paraguay,1383.911,1336.278,1321.043,1109.126,727.638,548.364,402.162,213.725,90.283
Peru,5445.400,5134.604,5375.785,5231.162,4346.664,3313.879,2276.639,1255.409,592.304
Philippines,22014.294,21369.695,19584.114,15501.927,12311.227,9366.920,5878.871,2639.619,914.418
Poland,3784.871,3709.136,4431.558,6004.923,5535.441,4563.168,5174.147,2900.526,1742.835
Polynesia,132.920,128.007,104.466,89.225,80.931,71.951,46.407,21.733,8.138
Portugal,841.076,1015.166,1073.698,1215.309,1575.911,1481.007,1293.824,1018.314,682.402
Puerto Rico,240.324,394.666,288.753,331.517,399.244,414.184,361.025,273.681,157.446
Qatar,270.536,228.400,717.371,846.180,461.800,254.161,81.796,16.725,4.091
Republic of Korea,4153.813,4753.258,6716.294,7079.839,8218.844,8476.699,6453.706,3560.646,1856.084
Republic of Moldova,424.058,419.286,570.833,773.876,562.808,521.015,488.289,184.989,88.809
Romania,1905.047,2075.306,2086.264,2585.900,3026.468,2569.158,2535.948,1530.269,923.322
Russian Federation,18622.607,15256.037,15607.785,24468.555,20375.317,18897.666,18501.369,8549.718,5655.406
Rwanda,3561.023,2905.795,2211.043,1812.554,1070.094,728.447,445.154,174.817,43.282
Réunion,132.392,138.862,118.272,99.451,117.326,125.415,90.557,47.534,25.499
SIDS Atlantic, and Indian Ocean, Mediterranean and South China Sea (AIMS),2574.017,2370.431,2683.407,2629.698,2115.733,1788.030,1318.997,521.706,224.827
SIDS Caribbean,6916.252,6953.668,6685.299,6167.793,5245.888,5067.097,3382.864,2041.323,1045.969
SIDS Pacific,2884.493,2564.460,2096.601,1678.952,1322.206,943.316,569.219,227.730,56.122
Saint Lucia,21.812,24.335,32.816,28.447,25.517,23.375,14.555,8.357,4.415
Saint Vincent and the Grenadines,15.947,17.428,17.502,15.711,14.484,13.590,9.176,4.503,2.606
Samoa,51.123,41.998,31.295,22.012,19.560,16.470,9.960,4.580,1.412
Sao Tome and Principe,62.411,54.109,33.625,26.631,18.680,12.780,7.082,2.764,1.079
Saudi Arabia,5956.216,4860.281,5354.760,6980.363,6408.789,3216.572,1373.521,493.856,169.509
Senegal,5032.581,3863.702,2823.534,2051.292,1331.828,834.700,505.764,239.182,61.347
Serbia,855.820,999.731,1102.466,1214.884,1229.894,1121.508,1142.471,729.682,340.914
Seychelles,15.933,13.866,13.431,14.486,14.873,12.977,7.909,3.205,1.660
Shanghai Cooperation Organization (SCO),492302.887,490560.446,491839.031,510727.005,435181.756,390728.909,270348.750,125131.825,47642.080
Sierra Leone,2225.885,1867.196,1405.514,1017.050,672.894,419.133,234.025,108.809,26.479
Singapore,479.037,505.794,833.058,896.615,964.873,946.222,799.325,289.634,135.785
Slovakia,566.591,545.495,655.785,847.603,861.400,709.217,695.211,398.711,179.630
Slovenia,210.171,196.376,205.494,283.649,305.326,301.202,284.941,177.495,114.278
Small Island Developing States (SIDS),12374.762,11888.559,11465.307,10476.443,8683.827,7798.443,5271.080,2790.759,1326.918
Solomon Islands,196.170,148.825,111.830,82.050,68.670,40.695,22.978,11.993,3.667
Somalia,5215.364,3937.590,2693.876,1534.404,1053.894,733.972,462.790,210.107,51.222
South Africa,11585.605,10409.174,10141.489,10155.325,7043.275,4911.532,3164.441,1476.055,421.794
South America,64723.845,66738.480,69646.862,66950.184,56840.514,46656.824,32846.926,17765.712,8590.425
South Asian Association for Regional Cooperation (SAARC),337396.875,347826.716,325714.568,284387.629,220604.661,165057.592,107963.904,50299.166,17125.541
South Sudan,3245.682,2581.901,1962.952,1334.153,896.837,595.525,344.937,182.626,49.116
South-Eastern Asia,113028.193,110240.381,108736.685,100931.424,89191.109,72031.614,46145.183,20124.071,8191.194
Southern Africa,13544.504,12113.480,11624.786,11366.071,7856.497,5400.937,3489.488,1636.638,471.246
Southern African Development Community (SADC),105794.691,82251.194,60541.516,45595.373,30755.085,19623.823,11727.949,5467.639,1471.256
Southern Asia,351962.731,359574.644,338057.475,301127.075,232260.277,173352.923,113360.809,52653.773,18019.898
Southern Common Market (MERCOSUR),45839.545,47568.628,49104.703,48155.466,41175.725,33684.158,23813.560,12917.980,6210.650
Southern Europe,13390.244,15234.541,15946.198,18837.564,23441.678,22929.430,18559.229,13955.507,9920.852
Spain,4234.487,4736.077,4617.599,5901.993,7938.499,7046.327,5340.654,4015.306,2923.841
Sri Lanka,3350.035,3386.220,2901.857,2820.021,2881.105,2554.818,2013.196,1146.337,359.661
State of Palestine,1364.528,1109.493,965.725,664.296,448.140,297.318,151.853,77.835,22.228
Sub-Saharan Africa,324399.265,253430.128,185188.023,133416.965,89292.081,56463.720,33384.506,15120.418,3670.499
Sudan,12128.806,10123.657,7627.158,5203.245,3727.319,2552.951,1535.960,733.051,217.122
Suriname,104.831,102.231,95.772,82.786,72.724,64.828,36.928,18.685,7.849
Sweden,1193.951,1127.127,1276.930,1320.299,1264.123,1296.647,1093.868,994.244,532.081
Switzerland,884.945,834.867,1039.729,1219.224,1166.588,1320.622,977.435,751.993,459.215
Syrian Arab Republic,3635.903,3325.125,3099.983,2907.193,1928.901,1285.346,822.365,355.547,140.294
Tajikistan,2577.610,1788.367,1648.522,1390.331,882.399,700.890,387.890,117.606,44.027
Thailand,7439.832,8492.311,9630.308,9229.727,10914.257,10681.394,7624.356,3866.568,1921.225
Timor-Leste,331.878,306.716,244.908,159.027,100.788,88.473,50.144,28.914,7.594
Togo,2340.181,1914.996,1375.261,1064.557,744.517,450.714,255.937,111.493,21.081
Tonga,24.639,23.522,17.140,12.183,10.290,8.701,5.303,2.791,1.128
Trinidad and Tobago,184.451,185.810,183.002,242.861,191.442,175.062,135.893,73.654,27.316
Tunisia,2017.759,1639.938,1725.346,1914.064,1572.471,1361.506,962.594,424.106,200.834
Turkey,13419.270,13595.149,13174.163,12774.731,11446.579,8908.423,6192.392,3353.579,1474.781
Turkmenistan,1332.930,1008.743,1009.791,957.885,697.821,535.459,334.444,103.458,50.656
UN-ECE: member countries,157379.826,153806.648,164508.098,184072.401,172702.538,170466.329,148178.263,93288.368,57268.601
UNFPA Regions,1194400.151,1104314.330,1026563.867,960811.569,785789.034,650565.854,432007.485,204169.795,77343.950
UNFPA: Arab States (AS),90144.467,72021.426,63315.944,55113.221,39738.981,27875.012,17781.048,8360.365,2951.683
UNFPA: Asia and the Pacific (AP),642039.651,642339.739,637432.837,635683.190,541874.114,471348.214,313134.239,145529.320,53197.727
UNFPA: East and Southern Africa (ESA),178337.090,142336.238,106209.891,77092.029,50810.719,31960.846,19095.794,8926.793,2419.815
UNFPA: Eastern Europe and Central Asia (EECA),39968.879,35523.103,36762.728,39447.264,32637.157,28065.917,21702.205,10423.515,5435.217
UNFPA: Latin America and the Caribbean (LAC),103480.734,105334.753,106911.766,98995.381,83581.903,67780.528,46621.242,25024.899,12175.814
UNFPA: West and Central Africa (WCA),140429.330,106759.071,75930.701,54480.484,37146.160,23535.337,13672.957,5904.903,1163.694
UNICEF PROGRAMME REGIONS,1205243.221,1113914.539,1038549.121,977083.331,799922.306,659417.737,437870.509,207331.206,79004.239
UNICEF Programme Regions: East Asia and Pacific (EAPRO),290076.920,282765.095,299375.362,334556.115,309613.837,297995.291,199773.430,92875.547,35177.829
UNICEF Programme Regions: Eastern Caribbean,311.792,323.267,338.070,390.566,327.062,306.266,230.149,123.784,55.068
UNICEF Programme Regions: Eastern and Southern Africa (ESARO),153932.262,125098.644,94537.722,68688.991,45076.994,28172.466,16834.753,7799.001,2108.430
UNICEF Programme Regions: Europe and Central Asia (CEECIS),42983.027,38770.933,40095.305,43618.394,37366.534,32241.482,25803.068,13066.545,6940.154
UNICEF Programme Regions: Latin America,103065.824,104892.276,106450.156,98498.409,83140.038,67355.753,46306.385,24855.876,12101.290
UNICEF Programme Regions: Latin America and Caribbean (LACRO),103377.616,105215.543,106788.226,98888.975,83467.100,67662.019,46536.534,24979.660,12156.358
UNICEF Programme Regions: Middle East and North Africa (MENARO),107559.885,86478.517,81938.001,82700.409,60041.491,40406.547,24700.022,11137.698,3996.784
UNICEF Programme Regions: South Asia (ROSA),337396.875,347826.716,325714.568,284387.629,220604.661,165057.592,107963.904,50299.166,17125.541
UNICEF Programme Regions: West and Central Africa (WCARO),169916.636,127759.091,90099.937,64242.818,43751.689,27882.340,16258.798,7173.589,1499.143
UNICEF REGIONS,1342381.234,1253463.372,1192079.831,1150349.523,973155.023,833621.811,591785.302,312459.101,145503.532
UNICEF Regions: East Asia and Pacific,311793.534,306037.045,327394.583,366321.582,346364.502,332820.735,230404.267,117208.648,51042.394
UNICEF Regions: Eastern Europe and Central Asia,61605.634,54026.970,55703.090,68086.949,57741.851,51139.148,44304.437,21616.263,12595.560
UNICEF Regions: Eastern and Southern Africa,166610.863,135794.079,102714.347,74376.683,49266.873,31133.399,18660.875,8679.332,2388.311
UNICEF Regions: Europe and Central Asia,112052.098,106136.558,112163.485,133045.129,126514.322,122418.401,104312.668,65756.653,42213.669
UNICEF Regions: Latin America and Caribbean,103887.245,105911.207,107349.757,99446.854,84126.675,68362.511,47115.184,25381.011,12381.888
UNICEF Regions: Middle East and North Africa,97017.659,77678.972,75435.475,78565.708,57316.221,38622.966,23851.745,10849.589,4036.619
UNICEF Regions: North America,43705.752,46319.089,51206.782,49962.411,45209.242,47322.935,43217.068,27110.565,14815.800
UNICEF Regions: South Asia,337396.875,347826.716,325714.568,284387.629,220604.661,165057.592,107963.904,50299.166,17125.541
UNICEF Regions: Sub-Saharan Africa,336528.071,263553.785,192815.181,138620.210,93019.400,59016.671,34920.466,15853.469,3887.621
UNICEF Regions: West and Central Africa,169917.208,127759.706,90100.834,64243.527,43752.527,27883.272,16259.591,7174.137,1499.310
UNICEF Regions: Western Europe,50446.464,52109.588,56460.395,64958.180,68772.471,71279.253,60008.231,44140.390,29618.109
UNITED NATIONS Regional Groups of Member States,1340904.025,1252255.455,1191009.066,1149576.456,972624.052,833272.425,591605.016,312373.400,145479.290
Uganda,14855.952,11449.424,7872.675,5101.100,3133.404,1852.435,974.325,411.998,89.687
Ukraine,4589.511,4383.517,4898.491,7208.958,6406.404,5906.737,5539.856,2983.430,1816.855
United Arab Emirates,1011.713,842.991,2149.343,3169.314,1608.109,797.913,242.707,55.884,12.426
United Kingdom,8044.056,7642.473,8558.707,9295.024,8604.251,9173.465,7286.777,5830.635,3450.616
United Kingdom (and dependencies),8097.593,7702.491,8624.175,9361.700,8678.624,9252.629,7345.509,5869.785,3472.583
United Nations Economic Commission for Africa (UN-ECA),381085.458,297389.798,224441.270,169644.536,116345.211,76241.552,46454.815,21329.313,5894.638
United Nations Economic Commission for Latin America and the Caribbean (UN-ECLAC),103886.889,105910.834,107349.357,99446.454,84126.220,68361.990,47114.850,25380.546,12381.709
United Nations Economic and Social Commission for Asia and the Pacific (UN-ESCAP) Regions,712423.596,706527.341,705891.919,715911.300,617292.411,539412.152,371413.500,182351.442,76407.900
United Nations Member States,1340904.072,1252255.451,1191009.061,1149576.433,972623.976,833272.442,591604.985,312373.453,145479.301
United Republic of Tanzania,18362.316,14089.042,9846.249,7161.928,4820.727,2926.635,1622.800,741.236,163.280
United States Virgin Islands,12.868,14.018,12.731,9.731,11.766,14.449,14.021,10.901,3.938
United States of America,39721.484,42332.395,46094.075,44668.270,40348.397,42120.077,38488.170,24082.597,13147.182
United States of America (and dependencies),40019.797,42789.122,46440.324,45042.495,40794.847,42584.158,38887.564,24378.309,13312.831
Upper-middle-income countries,364499.883,349492.270,370485.444,421114.199,376594.862,353930.529,248117.325,119807.067,50774.752
Uruguay,473.070,478.929,511.560,461.146,455.020,391.077,327.921,220.266,154.738
Uzbekistan,6713.724,5460.854,5946.987,5577.195,3930.500,3068.761,1939.628,572.150,259.400
Vanuatu,80.885,66.926,50.768,41.003,29.192,20.545,11.437,4.838,1.556
Venezuela (Bolivarian Republic of),5094.599,5158.568,4130.339,4027.921,3564.974,3014.983,2042.555,989.860,412.144
Viet Nam,15478.572,13599.043,15389.496,16200.924,13572.962,11109.968,7342.687,2778.472,1866.459
WB region: East Asia and Pacific (excluding high income),290081.873,282770.888,299379.503,334557.876,309614.217,297995.754,199773.236,92875.098,35177.554
WB region: Europe and Central Asia (excluding high income),61219.858,53618.864,55230.890,67547.658,57184.849,50557.765,43739.059,21254.308,12361.383
WB region: Latin America and Caribbean (excluding high income),92009.306,94123.471,95349.650,88105.835,73882.431,59813.254,40415.161,21204.662,10140.842
WB region: Middle East and North Africa (excluding high income),86533.580,69177.803,64252.274,63675.198,45928.415,32567.820,21036.416,9718.756,3555.728
WB region: South Asia (excluding high income),337396.875,347826.716,325714.568,284387.629,220604.661,165057.592,107963.904,50299.166,17125.541
WB region: Sub-Saharan Africa (excluding high income),336110.590,263156.556,192461.626,138310.162,92738.092,58783.106,34767.501,15774.854,3851.853
WHO Regions,1337267.198,1248423.642,1186069.011,1143945.377,966666.229,827314.541,586586.701,309807.857,143930.360
WHO: African region (AFRO),328459.843,255840.922,188727.738,138862.234,93420.371,59309.216,35307.202,16072.735,4160.974
WHO: Americas (AMRO),147113.353,151570.580,158033.414,148877.821,128704.035,115000.624,89758.958,52091.045,26971.297
WHO: Eastern Mediterranean Region (EMRO),166284.195,137823.862,124058.670,111645.951,79410.832,54005.956,32440.327,15071.520,4979.473
WHO: European Region (EURO),113683.773,107498.952,113312.695,134120.606,127502.094,123157.731,104972.613,66183.848,42455.819
WHO: South-East Asia region (SEARO),341025.699,361157.626,345283.774,311307.229,256188.511,197215.752,128948.352,59456.728,20802.959
WHO: Western Pacific region (WPRO),240700.335,234531.700,256652.720,299131.536,281440.386,278625.262,195159.249,100931.981,44559.838
West African Economic and Monetary Union (UEMOA),41372.880,31053.201,21693.181,14826.516,9934.092,6238.968,3708.283,1663.170,362.595
Western Africa,123069.303,93279.751,66197.120,47504.613,32680.775,20823.508,12106.040,5206.975,993.170
Western Asia,53787.107,47704.870,47083.270,46358.916,35871.531,24131.605,14696.756,7008.997,2993.722
Western Europe,20296.563,20864.315,22481.138,25054.277,24688.321,29076.923,23991.248,17318.237,12375.299
Western European and Others Group (WEOG),106599.583,110980.427,118495.116,123071.112,120199.612,123835.863,104348.203,71827.038,44364.690
Western Sahara,112.594,98.369,104.985,108.715,82.794,51.951,28.374,7.612,1.936
World,1342381.234,1253463.372,1192079.831,1150349.523,973155.023,833621.811,591785.302,312459.101,145503.532
World Bank Regional Groups (developing only),1203352.082,1110674.298,1032388.511,976584.358,799952.665,664775.291,447695.277,211126.844,82212.901
Yemen,8033.408,6750.274,5732.746,4140.438,2362.804,1422.835,879.450,403.471,100.542
Zambia,5663.542,4550.181,3180.383,2185.194,1413.889,761.259,403.835,179.965,45.708
Zimbabwe,4308.160,3559.955,2482.991,1867.476,1257.822,698.089,425.415,200.358,62.661
