,Country,Date,Predicted mean,Predicted 2.5,Predicted 97.5,Predicted 25,Predicted 75,Observed deaths,End date
0,Austria,2020-02-22,1.0000000000000005e-09,1e-09,1e-09,1e-09,1e-09,0.0,2020-04-19
1,Austria,2020-02-23,0.0,0.0,0.0,0.0,0.0,0.0,2020-04-19
2,Austria,2020-02-24,0.0011372317511859464,4.9517784583736325e-05,0.010773345297924359,0.00014444261704116298,0.00046246913329024686,0.0,2020-04-19
3,Austria,2020-02-25,0.00496002980315973,0.00021597153532307284,0.04698788413330042,0.0006299856512302148,0.002017056489821845,0.0,2020-04-19
4,Austria,2020-02-26,0.01381063739774828,0.0006013481130056606,0.13083240536962631,0.0017541232089739163,0.0056162637921970855,0.0,2020-04-19
5,Austria,2020-02-27,0.03027951039731152,0.0013184421483057205,0.2868470921798856,0.003845875495431585,0.012313531446246102,0.0,2020-04-19
6,Austria,2020-02-28,0.056833989081693376,0.002474687525604933,0.5384058160502689,0.0072186255011678765,0.02311223340768337,0.0,2020-04-19
7,Austria,2020-02-29,0.09553409266362572,0.004159782397903368,0.9050237710262948,0.012134021360726844,0.03885010156262607,0.0,2020-04-19
8,Austria,2020-03-01,0.14737883078812922,0.006509378643882126,1.3947751085210518,0.01894864500789246,0.060405055332940126,0.0,2020-04-19
9,Austria,2020-03-02,0.21265918726801827,0.009673812369576786,2.0080819207762364,0.028016367874929768,0.0884941708009396,0.0,2020-04-19
10,Austria,2020-03-03,0.29085978339866936,0.013996445881974764,2.73563997574512,0.03982986142202197,0.12395718702831444,0.0,2020-04-19
11,Austria,2020-03-04,0.38106631438983823,0.019784457760539158,3.561172076465064,0.05526588354063937,0.16793041597305092,0.0,2020-04-19
12,Austria,2020-03-05,0.4822962401085102,0.0276040602739354,4.440010132443073,0.07506901637461158,0.2221864035083242,0.0,2020-04-19
13,Austria,2020-03-06,0.5937904807135266,0.03852595134589207,5.350606869789484,0.10037105897229637,0.286359432021444,0.0,2020-04-19
14,Austria,2020-03-07,0.7152514276145141,0.053373910294021734,6.246059156153179,0.1327950040646148,0.3664533673077207,0.0,2020-04-19
15,Austria,2020-03-08,0.8470310070750379,0.07286927714571104,7.265561719666778,0.17425869197236854,0.4597814344937277,0.0,2020-04-19
16,Austria,2020-03-09,0.9902826280320864,0.0987748489419312,8.335867888402928,0.22636267438135105,0.5700664394247534,0.0,2020-04-19
17,Austria,2020-03-10,1.1470958328172864,0.13422986081535432,9.228530284669333,0.2935381526168498,0.7037845972852508,0.0,2020-04-19
18,Austria,2020-03-11,1.3206344462934878,0.1837151385158983,10.047778128380404,0.3799324881284959,0.8607671362278541,0.0,2020-04-19
19,Austria,2020-03-12,1.5145706559992935,0.2489327592584281,10.77316538524651,0.4874017829672681,1.0453003019661729,0.0,2020-04-19
20,Austria,2020-03-13,1.7335867757442274,0.3381894445667279,11.435257832650294,0.6252353972022677,1.2655876998316022,1.0,2020-04-19
21,Austria,2020-03-14,1.9832264956717152,0.4477553226795642,12.013714573667679,0.7959182187261048,1.5231906738497765,0.0,2020-04-19
22,Austria,2020-03-15,2.270314402088794,0.5995141445122488,12.936904638182394,1.0098580103333543,1.8316820838373689,0.0,2020-04-19
23,Austria,2020-03-16,2.602565001553332,0.7831616343465476,13.286224182847082,1.2753161203773224,2.2057674748332468,0.0,2020-04-19
24,Austria,2020-03-17,2.9893489403977664,1.0239430913782388,13.875391404231314,1.6034348715203772,2.6395000108396984,2.0,2020-04-19
25,Austria,2020-03-18,3.4354109391647816,1.3296378420318151,14.410386993611914,2.005578961975428,3.153187911772762,0.0,2020-04-19
26,Austria,2020-03-19,3.9441685688573656,1.6950867836109846,14.507944774040864,2.4637883227549433,3.7410620421324583,1.0,2020-04-19
27,Austria,2020-03-20,4.515053388697222,2.1348558141125715,14.974030795664813,2.9961869736264743,4.409980905199849,2.0,2020-04-19
28,Austria,2020-03-21,5.1453234245129975,2.6323478732212,15.561868982249047,3.6038321539621223,5.176309313430856,0.0,2020-04-19
29,Austria,2020-03-22,5.831156427247387,3.1984322052013145,15.512353798238951,4.252209223342748,5.998336355734935,2.0,2020-04-19
30,Austria,2020-03-23,6.568553612992368,3.7744502937056392,15.659150547786975,4.951512163072668,6.885714497195121,8.0,2020-04-19
31,Austria,2020-03-24,7.354021624104713,4.37308710675537,15.980000657267954,5.7050981204910585,7.841751056521634,9.0,2020-04-19
32,Austria,2020-03-25,8.185057823680417,4.884939080072447,16.543220826883097,6.4935423602412845,8.879032412550053,5.0,2020-04-19
33,Austria,2020-03-26,9.06047948434516,5.388232565312351,16.874997996470768,7.273663924342237,9.949776313136658,4.0,2020-04-19
34,Austria,2020-03-27,9.980637090301961,5.7450896967246425,17.55487652094609,8.030421395009473,11.089327904451585,18.0,2020-04-19
35,Austria,2020-03-28,10.947546924340744,5.982574711206717,18.711112805073167,8.801196371220632,12.359591095771885,16.0,2020-04-19
36,Austria,2020-03-29,11.964972365039301,6.034973192221585,20.46426222294391,9.593591881113873,13.697396652877359,0.0,2020-04-19
37,Austria,2020-03-30,13.038478100269366,5.7993657950645865,22.58331729504662,10.306791091536283,15.18566883309217,18.0,2020-04-19
38,Austria,2020-03-31,14.175477056878085,5.4917462962643215,25.424731217828544,10.961067682722122,16.739714176572914,22.0,2020-04-19
39,Austria,2020-04-01,15.385286274519473,5.119972163302384,28.663255611639613,11.639675433590405,18.471919838556964,20.0,2020-04-19
40,Austria,2020-04-02,16.679205180555154,4.738219632522499,32.801931234835486,12.207455846857824,20.304093207600147,18.0,2020-04-19
41,Austria,2020-04-03,18.0706277135327,4.421669073283921,37.531388484421896,12.805584261038849,22.218348133076734,12.0,2020-04-19
42,Austria,2020-04-04,19.57519845708023,4.088841394102528,43.09843042182341,13.312950170120251,24.243599383038298,10.0,2020-04-19
43,Austria,2020-04-05,21.2110223488648,3.7778929211394936,49.90864900182692,13.791332959836655,26.51008285067585,18.0,2020-04-19
44,Austria,2020-04-06,22.998937591371607,3.457295516159383,58.1651025196685,14.180229938729221,28.954346520629176,18.0,2020-04-19
45,Austria,2020-04-07,24.962862094795586,3.1874798830509645,66.86705895114807,14.660272778818731,31.58166250907676,16.0,2020-04-19
46,Austria,2020-04-08,27.13022512637176,2.9540812251746966,78.3519831188955,14.994494446113539,34.481008824015696,23.0,2020-04-19
47,Austria,2020-04-09,29.532497846400258,2.6988269338783466,90.28371295279757,15.317008668017449,37.43190153802831,30.0,2020-04-19
48,Austria,2020-04-10,32.20583912785292,2.4371067149610086,105.46952715875368,15.554907940838184,40.623875479435846,22.0,2020-04-19
49,Austria,2020-04-11,35.19187656516397,2.1906416053258435,122.19196784431169,15.817343526896055,44.14836377418511,24.0,2020-04-19
50,Austria,2020-04-12,38.538646998357,1.975577234124072,141.83360829081983,16.04834837467491,48.07562157079298,18.0,2020-04-19
51,Austria,2020-04-13,42.30172637615599,1.7862286001202623,164.70076019695773,16.261904768421015,52.40352340618986,13.0,2020-04-19
52,Austria,2020-04-14,46.545585575477325,1.6097504375096567,193.52430784067832,16.391302393019128,56.89950990041696,18.0,2020-04-19
53,Austria,2020-04-15,51.34521716955737,1.4388035946096067,226.3183904604044,16.48473921668669,61.700529635624584,16.0,2020-04-19
54,Austria,2020-04-16,56.788088457982724,1.2824654108590186,261.56200453292314,16.599435257028716,66.8697555153976,9.0,2020-04-19
55,Austria,2020-04-17,62.976488803164756,1.1395422675152138,302.7348637004992,16.657608100428902,72.9013984157294,17.0,2020-04-19
56,Austria,2020-04-18,70.03035504673767,1.0118403889085368,352.91815238054255,16.795360396253095,79.07811572796511,21.0,2020-04-19
57,Austria,2020-04-19,78.09067824770177,0.8970817218051585,411.32557164569783,16.772059069085472,85.72085316219551,12.0,2020-04-19
58,Belgium,2020-02-18,1.0000000000000005e-09,1e-09,1e-09,1e-09,1e-09,0.0,2020-04-19
59,Belgium,2020-02-19,0.0,0.0,0.0,0.0,0.0,0.0,2020-04-19
60,Belgium,2020-02-20,0.0011294161968867509,3.5868438801720324e-05,0.012480742804253759,0.00010899435237804105,0.0003631605090582839,0.0,2020-04-19
61,Belgium,2020-02-21,0.004925942307614696,0.00015643999146507668,0.05443468862886863,0.0004753782468765966,0.0015839224910677175,0.0,2020-04-19
62,Belgium,2020-02-22,0.013715724653379294,0.00043558931747842816,0.15156718333299626,0.001323636521338562,0.00441025156266989,0.0,2020-04-19
63,Belgium,2020-02-23,0.03007141635015142,0.0009550197349831467,0.3323076242933541,0.002902043161068498,0.00966937688686223,0.0,2020-04-19
64,Belgium,2020-02-24,0.05644340103555005,0.001792551480477475,0.6237342560376686,0.005447072530783532,0.01814921222978229,0.0,2020-04-19
65,Belgium,2020-02-25,0.0948775405687178,0.003013157830503496,1.0484551089336425,0.009156160605819287,0.030507598550570888,0.0,2020-04-19
66,Belgium,2020-02-26,0.14682502638968625,0.00474128522665729,1.6182024046629375,0.014329940097414062,0.047509758046242426,0.0,2020-04-19
67,Belgium,2020-02-27,0.2132836926820387,0.007137595766499573,2.3367339303712944,0.02132392202262831,0.07002410225117091,0.0,2020-04-19
68,Belgium,2020-02-28,0.29487839158984314,0.010447822409861016,3.203859425819392,0.030633382571480117,0.09894962572163823,0.0,2020-04-19
69,Belgium,2020-02-29,0.3921046790391548,0.01496752239603332,4.2103172649455685,0.04307954544073804,0.13615129738955006,0.0,2020-04-19
70,Belgium,2020-03-01,0.5055365940797968,0.021198289035137083,5.34389481743396,0.05941191781447981,0.18258321067471986,0.0,2020-04-19
71,Belgium,2020-03-02,0.6360245305499578,0.029722566228698018,6.595089289385861,0.0808431211160063,0.24188890650110975,0.0,2020-04-19
72,Belgium,2020-03-03,0.7848880628924856,0.04154055545025065,8.016194592765537,0.10937500587660948,0.3131982628971949,0.0,2020-04-19
73,Belgium,2020-03-04,0.9541142085255476,0.05792857511125835,9.5346558917501,0.14715103387377565,0.4031646510791393,0.0,2020-04-19
74,Belgium,2020-03-05,1.146574489208667,0.08117095537079541,11.155898769470491,0.19672001385606586,0.5181702302498187,0.0,2020-04-19
75,Belgium,2020-03-06,1.3662765077055756,0.11358200239867634,12.818276012572325,0.262431364966929,0.65884454255429,0.0,2020-04-19
76,Belgium,2020-03-07,1.6186686796798375,0.15848198561560814,14.887311978975234,0.348153665526864,0.8359150894647582,0.0,2020-04-19
77,Belgium,2020-03-08,1.9110208416715848,0.22101776831589426,16.653796227263985,0.461440673311393,1.0514743128176955,0.0,2020-04-19
78,Belgium,2020-03-09,2.2529091356876583,0.30782504148293743,18.26486587096955,0.6111338770330887,1.320379364452138,0.0,2020-04-19
79,Belgium,2020-03-10,2.6568413390700787,0.42799375739093937,20.007351944719492,0.8124992699287766,1.6647874251995671,0.0,2020-04-19
80,Belgium,2020-03-11,3.139069308838171,0.594215737929728,22.277496127950467,1.0777732072965944,2.0928274157078013,0.0,2020-04-19
81,Belgium,2020-03-12,3.7184532105068153,0.8247200032743766,24.512797880887174,1.4222293892476523,2.6275827861917413,3.0,2020-04-19
82,Belgium,2020-03-13,4.418635265892004,1.132690792264061,26.508874613900677,1.8709139275560371,3.2968042900165435,0.0,2020-04-19
83,Belgium,2020-03-14,5.265866545293664,1.5495665781020431,28.53439582554614,2.454133995678172,4.12719526940975,0.0,2020-04-19
84,Belgium,2020-03-15,6.292256587040081,2.1105126253629938,30.740723075232573,3.2069820142878966,5.145187408040801,1.0,2020-04-19
85,Belgium,2020-03-16,7.528373085373981,2.864436397376454,33.24531755386169,4.1848525766579465,6.415900102916868,0.0,2020-04-19
86,Belgium,2020-03-17,9.009833793289236,3.8770885800825794,35.790835107764856,5.41495936603971,7.93699762984371,1.0,2020-04-19
87,Belgium,2020-03-18,10.77612579394494,5.139971967515645,38.58020095317888,6.9738103413076376,9.81604803385114,0.0,2020-04-19
88,Belgium,2020-03-19,12.875688282436853,6.774832856296675,41.76924339347507,8.896486316747989,12.101748853669324,9.0,2020-04-19
89,Belgium,2020-03-20,15.339162245414679,8.790519549281697,44.7645560957962,11.224047774276205,14.877788564821605,7.0,2020-04-19
90,Belgium,2020-03-21,18.195705372515086,11.271441091542556,47.75783623967696,13.982453613875608,18.220851751453463,16.0,2020-04-19
91,Belgium,2020-03-22,21.46020384730863,14.084232817969545,49.76793781547335,17.202920043150506,22.064880541272107,30.0,2020-04-19
92,Belgium,2020-03-23,25.141630347356656,17.243715091524678,51.188169005257635,20.882865642599075,26.322903217960118,8.0,2020-04-19
93,Belgium,2020-03-24,29.24776152293701,20.34178301130677,52.1321172719444,24.906315820133454,31.081797651807538,13.0,2020-04-19
94,Belgium,2020-03-25,33.789049993464396,23.463360721107197,53.356780579615275,29.28410940316236,36.450952293589395,34.0,2020-04-19
95,Belgium,2020-03-26,38.7816612339801,25.84736394078392,56.71882636846912,33.89335843141195,42.36802846487308,56.0,2020-04-19
96,Belgium,2020-03-27,44.24986957254227,26.712774636499358,63.6856999742258,38.711431433061364,49.059024193711494,42.0,2020-04-19
97,Belgium,2020-03-28,50.228025234648456,25.798407405345092,73.35323591888115,43.55963078080936,56.43984241749227,69.0,2020-04-19
98,Belgium,2020-03-29,56.762275690466154,25.068823822072684,85.24600674399629,48.725633104484345,65.06566649208662,64.0,2020-04-19
99,Belgium,2020-03-30,63.91219330505006,24.290497396522984,100.40907608910837,53.75160841533143,74.40931306760362,78.0,2020-04-19
100,Belgium,2020-03-31,71.75243843181777,23.383411432173855,118.85351332878172,59.00086008183055,84.62978168800302,82.0,2020-04-19
101,Belgium,2020-04-01,80.3745729603834,22.179751702790114,140.5823187341555,64.27480459820814,96.34889277020788,192.0,2020-04-19
102,Belgium,2020-04-02,89.889132144831,21.07921851139581,166.56976673940505,69.518905504336,109.43571784604246,123.0,2020-04-19
103,Belgium,2020-04-03,100.42806088292721,19.84065184284388,197.46668348751598,74.77541157289535,123.4980201823933,183.0,2020-04-19
104,Belgium,2020-04-04,112.14762380930912,18.5327519952648,235.3991953212636,79.90862517008681,139.601946441182,132.0,2020-04-19
105,Belgium,2020-04-05,125.23190647799638,17.357197653599645,279.9198105195417,84.90138290675122,157.7331756435103,140.0,2020-04-19
106,Belgium,2020-04-06,139.89703776471978,16.153335083808667,334.44669266635094,90.03741018945469,178.63203823152836,164.0,2020-04-19
107,Belgium,2020-04-07,156.39628187986446,14.960344073090406,399.20383540868414,95.18824169557342,201.03619037191046,185.0,2020-04-19
108,Belgium,2020-04-08,175.02617271571324,13.787618427765198,475.778981541058,100.17871396196101,226.16773077043084,403.0,2020-04-19
109,Belgium,2020-04-09,196.1338945431157,12.649098738956413,572.0257428450327,105.70676517286016,253.4513813365179,205.0,2020-04-19
110,Belgium,2020-04-10,220.12615246719966,11.588819239946373,678.4897855715901,110.5646749537193,284.55998432806166,283.0,2020-04-19
111,Belgium,2020-04-11,247.47982500861502,10.515048421052525,803.7538073281839,115.7700038415388,318.77535161317,496.0,2020-04-19
112,Belgium,2020-04-12,278.75475154035973,9.586188020890047,959.5591070376892,120.47093587835552,357.79091971229235,327.0,2020-04-19
113,Belgium,2020-04-13,314.6090813951264,8.720151350416192,1145.897155808399,125.11311545537008,403.77985173250886,254.0,2020-04-19
114,Belgium,2020-04-14,355.81770215387166,7.898270820488676,1371.9640237795234,130.2358188980326,453.6238268013395,303.0,2020-04-19
115,Belgium,2020-04-15,403.2943755262154,7.11783284406955,1637.2811487215613,134.91851715465646,509.1015470402645,254.0,2020-04-19
116,Belgium,2020-04-16,458.1183447939975,6.398466892457836,1952.0361463551583,140.69959856586323,572.4661011655512,283.0,2020-04-19
117,Belgium,2020-04-17,521.5663435292942,5.740478078826468,2320.815642451102,145.54314805999675,641.5246538096983,417.0,2020-04-19
118,Belgium,2020-04-18,595.1511380445211,5.133055435846114,2778.111734830021,150.5443691569921,720.4714089534541,306.0,2020-04-19
119,Belgium,2020-04-19,680.6679842278845,4.5759791675995425,3300.9846930198564,156.08500531604818,808.5965885147491,290.0,2020-04-19
120,Denmark,2020-02-21,1.0000000000000005e-09,1e-09,1e-09,1e-09,1e-09,0.0,2020-04-19
121,Denmark,2020-02-22,0.0,0.0,0.0,0.0,0.0,0.0,2020-04-19
122,Denmark,2020-02-23,0.0008353895766890308,2.688070156455755e-05,0.008282004875665938,9.064014608256666e-05,0.0003257206958174794,0.0,2020-04-19
123,Denmark,2020-02-24,0.003643546878906197,0.000117240026714878,0.036121917076601666,0.00039532648069616965,0.0014206289589398405,0.0,2020-04-19
124,Denmark,2020-02-25,0.010145040812903044,0.00032644148557938775,0.1005773591397938,0.0011007415066628602,0.003955579342720924,0.0,2020-04-19
125,Denmark,2020-02-26,0.02224277272137577,0.0007157155801025143,0.22051358703429985,0.0024133508784456702,0.00867251831945403,0.0,2020-04-19
126,Denmark,2020-02-27,0.04174920549922432,0.0013433827341130262,0.41389925508786296,0.004529807638106812,0.01627813016165544,0.0,2020-04-19
127,Denmark,2020-02-28,0.07017759145962119,0.0022581355396151057,0.6957366608937566,0.00761430034455716,0.027362436112285237,0.0,2020-04-19
128,Denmark,2020-02-29,0.10825035520410044,0.0035430453211982346,1.0726217785589258,0.01188315168320587,0.04251195844710574,0.0,2020-04-19
129,Denmark,2020-03-01,0.15616214021463112,0.005301061052869739,1.5460099572946608,0.017594459319850587,0.06227943574822849,0.0,2020-04-19
130,Denmark,2020-03-02,0.21349848001432692,0.007689633981956484,2.1085273356622727,0.0250485499440316,0.08709146825790054,0.0,2020-04-19
131,Denmark,2020-03-03,0.2795326701070656,0.010924444437632894,2.749715325853333,0.03458584406536973,0.11778083184399317,0.0,2020-04-19
132,Denmark,2020-03-04,0.35346391257246784,0.015238860670137038,3.4370380966702982,0.04688619389477798,0.1552585685655381,0.0,2020-04-19
133,Denmark,2020-03-05,0.4346265233815387,0.02111786474583345,4.1139644821072565,0.06258306738179954,0.19975062797606208,0.0,2020-04-19
134,Denmark,2020-03-06,0.5226598540518982,0.02902891727043028,4.888830380613626,0.08287992017161405,0.25371985983400425,0.0,2020-04-19
135,Denmark,2020-03-07,0.6176413153226556,0.0398597959874842,5.646747492228906,0.10847087456379242,0.3184147737730575,0.0,2020-04-19
136,Denmark,2020-03-08,0.7201915372564103,0.054576526106499684,6.358762385768963,0.14043736081938807,0.3945718782950367,0.0,2020-04-19
137,Denmark,2020-03-09,0.8315638168238909,0.07557395193020924,7.051236587750761,0.18139693573018414,0.4844562309738193,0.0,2020-04-19
138,Denmark,2020-03-10,0.953731168899464,0.10166666798823842,7.692579475285294,0.233871944016128,0.5924556442196035,0.0,2020-04-19
139,Denmark,2020-03-11,1.0894845436981992,0.13819541302634,8.355504783796224,0.3002213025483437,0.7183093531041131,0.0,2020-04-19
140,Denmark,2020-03-12,1.2425558166138873,0.1881960419747488,9.09255652070344,0.38476431689146506,0.8721344664647519,0.0,2020-04-19
141,Denmark,2020-03-13,1.4177795108030484,0.2537558407167041,9.638372334163972,0.4921809750051177,1.052596286446679,0.0,2020-04-19
142,Denmark,2020-03-14,1.6201837309516829,0.34036604565283424,10.222385838279989,0.629814505503764,1.2714559368979217,0.0,2020-04-19
143,Denmark,2020-03-15,1.8543736615010624,0.4548644906880359,10.744730833736908,0.7980271997799465,1.5296287416006962,0.0,2020-04-19
144,Denmark,2020-03-16,2.124832956554902,0.6099802159602976,11.157394241163242,1.0074576845309549,1.829765972462896,1.0,2020-04-19
145,Denmark,2020-03-17,2.435808416254285,0.8029859942280815,11.564670042483082,1.2673668409916514,2.175488481980559,0.0,2020-04-19
146,Denmark,2020-03-18,2.792064220149105,1.0486423002400431,12.040268343477381,1.5775099800054893,2.5761341181187407,3.0,2020-04-19
147,Denmark,2020-03-19,3.1994971162784025,1.3440221625257758,12.143811279460296,1.942978668631074,3.057285598124356,0.0,2020-04-19
148,Denmark,2020-03-20,3.6608687383502616,1.6978535993427513,12.478093803563509,2.3872478490242166,3.587399175044905,2.0,2020-04-19
149,Denmark,2020-03-21,4.178371560170629,2.1339091023130994,12.581098440080527,2.8926900308823837,4.207882312217214,3.0,2020-04-19
150,Denmark,2020-03-22,4.751613434424951,2.6270848904265147,12.790825258984713,3.4627457511628634,4.895897801688015,4.0,2020-04-19
151,Denmark,2020-03-23,5.378980981596527,3.1368692925127872,12.934216113280465,4.080537508155359,5.653926914572461,0.0,2020-04-19
152,Denmark,2020-03-24,6.058417081350914,3.671570714137093,12.882126780419085,4.751321303754804,6.460121981807102,11.0,2020-04-19
153,Denmark,2020-03-25,6.788046337949242,4.1520599100524,12.741314159141453,5.458988001836988,7.382494872585245,8.0,2020-04-19
154,Denmark,2020-03-26,7.5666415298998295,4.575231582693725,13.008847211550755,6.147386648030712,8.3351157280071,2.0,2020-04-19
155,Denmark,2020-03-27,8.393959485387205,4.8457075175988,13.954837265586155,6.857824458981487,9.368520047262203,7.0,2020-04-19
156,Denmark,2020-03-28,9.270980540590324,4.859073104457917,15.43563721400182,7.552133159325208,10.505018417020493,11.0,2020-04-19
157,Denmark,2020-03-29,10.20008180796721,4.7189202859505786,17.092608227129006,8.272254031062285,11.771274830357234,13.0,2020-04-19
158,Denmark,2020-03-30,11.18516889663552,4.533179442208269,19.214177701621253,8.964331049492174,13.11132727210882,7.0,2020-04-19
159,Denmark,2020-03-31,12.231785922981624,4.329258235296958,21.99557795896529,9.581261504331792,14.562468960176233,5.0,2020-04-19
160,Denmark,2020-04-01,13.347220030216546,3.9964409052762586,24.983877142457967,10.220144073890328,16.08069440735139,13.0,2020-04-19
161,Denmark,2020-04-02,14.540614041018276,3.7328174864421415,28.478465203919182,10.818086325495416,17.730831582499455,14.0,2020-04-19
162,Denmark,2020-04-03,15.823099078633845,3.4544847483367818,32.693183306286194,11.320949831243926,19.498421419382122,19.0,2020-04-19
163,Denmark,2020-04-04,17.20795785440648,3.2191069957201623,37.629257286484005,11.8322006879399,21.40966916974679,16.0,2020-04-19
164,Denmark,2020-04-05,18.710828746504863,2.9840637281813818,44.05364761088862,12.272612198316946,23.485781730320753,22.0,2020-04-19
165,Denmark,2020-04-06,20.349960744500507,2.73335590444668,51.29666359311482,12.664090703920607,25.60595014824621,18.0,2020-04-19
166,Denmark,2020-04-07,22.146529795158703,2.4933134446174146,59.1197660298401,13.040693739108985,27.987521869203,8.0,2020-04-19
167,Denmark,2020-04-08,24.12502806453773,2.268519763731025,69.18190363025077,13.407048457858382,30.55808623377697,16.0,2020-04-19
168,Denmark,2020-04-09,26.3137391563556,2.073646858345482,80.83723645176894,13.722834024390886,33.3782762118196,15.0,2020-04-19
169,Denmark,2020-04-10,28.745314441842808,1.869429572349997,94.46974514405899,14.043167078140275,36.356279669871995,19.0,2020-04-19
170,Denmark,2020-04-11,31.45746842943409,1.6881562498128968,110.51096548191751,14.210433809037616,39.615197770434534,10.0,2020-04-19
171,Denmark,2020-04-12,34.493814627669565,1.5196860669099743,128.8752670702202,14.432295710803965,43.06427715446969,13.0,2020-04-19
172,Denmark,2020-04-13,37.904867757481,1.3606602541551107,150.48564196146137,14.637533064584876,46.566237352538025,13.0,2020-04-19
173,Denmark,2020-04-14,41.74924361506183,1.2231818255262472,176.69922025095406,14.785229058350735,50.93740010888422,12.0,2020-04-19
174,Denmark,2020-04-15,46.09509458497467,1.0967681172516714,207.13532485721439,14.93575877611372,55.284552934939974,14.0,2020-04-19
175,Denmark,2020-04-16,51.02182702340181,0.9685430394467724,242.26306806594653,14.928912628980234,60.418338947048206,10.0,2020-04-19
176,Denmark,2020-04-17,56.62215681211068,0.8594421607306617,282.38011307029336,14.995704218021743,65.88669489399769,12.0,2020-04-19
177,Denmark,2020-04-18,63.0045717502316,0.7644583687625115,327.4498134021487,15.120843096940632,72.04484808492646,15.0,2020-04-19
178,Denmark,2020-04-19,70.29628463659301,0.6766433721059019,378.08935688406143,15.20114133528398,78.72548879071086,10.0,2020-04-19
179,France,2020-02-07,1.0000000000000005e-09,1e-09,1e-09,1e-09,1e-09,0.0,2020-04-19
180,France,2020-02-08,0.0,0.0,0.0,0.0,0.0,0.0,2020-04-19
181,France,2020-02-09,0.00022335893124637548,2.5876664833886505e-05,0.001415974177346936,5.7450982423637084e-05,0.00013752974151376392,0.0,2020-04-19
182,France,2020-02-10,0.0009741787059925157,0.00011286092623478492,0.006175763306662219,0.00025057213250059243,0.0005998351840051517,0.0,2020-04-19
183,France,2020-02-11,0.0027124895218370512,0.00031424837963870496,0.017195708708906746,0.0006976895303616336,0.0016701726710249745,0.0,2020-04-19
184,France,2020-02-12,0.0059470719789120425,0.0006889824708713199,0.03770120275008992,0.0015296685287041756,0.003661815838119944,0.0,2020-04-19
185,France,2020-02-13,0.01116252606077613,0.0012932052636642198,0.07076434583485099,0.002871154893795844,0.0068731494872968325,0.0,2020-04-19
186,France,2020-02-14,0.01876345152400748,0.002173790604674992,0.118950080427226,0.004826217235627164,0.011553299541697476,0.0,2020-04-19
187,France,2020-02-15,0.02915294529833795,0.003404017578658719,0.18464221405204306,0.007539878780870714,0.018010931390634876,1.0,2020-04-19
188,France,2020-02-16,0.04271269842514056,0.005070734996263553,0.2701078642350776,0.011181144431145842,0.026580079024206803,0.0,2020-04-19
189,France,2020-02-17,0.059880205125770025,0.007302352674031022,0.3764776587518126,0.01599753708295741,0.03767343638837959,0.0,2020-04-19
190,France,2020-02-18,0.08117915333171588,0.010265973107438174,0.5060979304580315,0.02225876444302441,0.05187659733983219,0.0,2020-04-19
191,France,2020-02-19,0.10725868212072323,0.014192361439143066,0.6624536797066727,0.030387212556119682,0.06983209849220562,0.0,2020-04-19
192,France,2020-02-20,0.13893793406269367,0.019430283102793808,0.8479633483575449,0.040935534820382015,0.09251696659185088,0.0,2020-04-19
193,France,2020-02-21,0.17725813408169136,0.0264041996553878,1.0661573533278503,0.05460306812115085,0.12109577618837115,0.0,2020-04-19
194,France,2020-02-22,0.2235449746429454,0.035690125981388,1.3212664316458858,0.07230556787174004,0.1568248884887188,0.0,2020-04-19
195,France,2020-02-23,0.2794848242289481,0.04802135927338103,1.6184914323780697,0.09532520891869796,0.20219238892089572,0.0,2020-04-19
196,France,2020-02-24,0.34721917638279765,0.0643039733028246,1.9651322498968369,0.1252183817320903,0.25818425535008305,0.0,2020-04-19
197,France,2020-02-25,0.4294628813329957,0.0862162771552904,2.3677568217674163,0.16350465302778874,0.3289709504343268,0.0,2020-04-19
198,France,2020-02-26,0.5296531409815769,0.11577034761264117,2.81578927392031,0.2132902793144637,0.4182032982376148,0.0,2020-04-19
199,France,2020-02-27,0.6521381032033065,0.15409426752670435,3.3440272292271063,0.2776239393404895,0.5293144279466322,1.0,2020-04-19
200,France,2020-02-28,0.8024162852214229,0.20558364503209803,3.973734049375668,0.3607446697883231,0.6692022413681722,0.0,2020-04-19
201,France,2020-02-29,0.9874411422668996,0.2737949455748883,4.737893716348292,0.467863415757463,0.8428884735378408,0.0,2020-04-19
202,France,2020-03-01,1.2160090748543488,0.3673233882884912,5.576322159503998,0.6075863539053659,1.063690855773442,0.0,2020-04-19
203,France,2020-03-02,1.4992542918068061,0.4909904009241757,6.6211740728834645,0.787342658588819,1.3402479596782646,0.0,2020-04-19
204,France,2020-03-03,1.8512805476690688,0.6522627764752221,7.859135196124398,1.0206735315589333,1.6900309029101916,1.0,2020-04-19
205,France,2020-03-04,2.2899682805507853,0.870367024773065,9.149402150811273,1.3222633979427392,2.1352321772161944,1.0,2020-04-19
206,France,2020-03-05,2.8380066438722458,1.1607950977439565,10.734893050914707,1.7165062855874518,2.6893735646071613,0.0,2020-04-19
207,France,2020-03-06,3.524214070569858,1.549170342139945,12.739410624439746,2.2252155609043918,3.3854531337914215,3.0,2020-04-19
208,France,2020-03-07,4.38522926106084,2.0603661058902576,14.895706854925448,2.881376377149567,4.271230917070872,2.0,2020-04-19
209,France,2020-03-08,5.4676780527794495,2.7357113027738302,17.560171775674533,3.7300904626608498,5.382211159804458,1.0,2020-04-19
210,France,2020-03-09,6.830952074695767,3.649841640446512,20.323977683506087,4.833789213245824,6.779934044185798,9.0,2020-04-19
211,France,2020-03-10,8.550774447902322,4.8270346875339625,23.848277614464113,6.2587649422662865,8.543872041814707,11.0,2020-04-19
212,France,2020-03-11,10.723778705496207,6.390135402875018,27.966594529383702,8.107925082122048,10.769757436295684,3.0,2020-04-19
213,France,2020-03-12,13.473393008768154,8.424899516217152,33.261318239305375,10.481303768552092,13.558664979456301,15.0,2020-04-19
214,France,2020-03-13,16.95740710681877,11.116393983534696,39.1031681698163,13.580010027030678,17.136350149839572,13.0,2020-04-19
215,France,2020-03-14,21.37771015353501,14.604697368721185,46.76646198370155,17.53038863274721,21.710907970603387,18.0,2020-04-19
216,France,2020-03-15,26.963368872083787,19.02110813354474,56.669623271807964,22.57454928819308,27.531275739292035,12.0,2020-04-19
217,France,2020-03-16,33.975015359425626,24.698850447311248,67.61198431326574,28.97814780198413,34.80773738920447,36.0,2020-04-19
218,France,2020-03-17,42.712681145530254,31.612989770154748,80.33011745245697,36.96614368600363,44.01464717705123,21.0,2020-04-19
219,France,2020-03-18,53.473544874160154,40.47640847415438,92.93400603392416,46.90392583321237,55.43464210881135,27.0,2020-04-19
220,France,2020-03-19,66.4427092200874,50.974516498928175,108.15352828602265,58.80723552701295,69.56649887448323,69.0,2020-04-19
221,France,2020-03-20,81.74872565882022,62.70187280374687,123.96952459619291,73.08417804770858,86.51620885320726,128.0,2020-04-19
222,France,2020-03-21,99.41365536559658,76.06495240246775,141.52838805409183,89.56213977502348,105.93110455799514,78.0,2020-04-19
223,France,2020-03-22,119.4036440263517,89.99059185755024,159.87746136776468,107.80583078595257,127.8876528817698,112.0,2020-04-19
224,France,2020-03-23,141.66079355505659,102.707001608457,187.00621397786662,127.99589930364796,152.9283763562218,112.0,2020-04-19
225,France,2020-03-24,166.1291066507595,112.59215995639288,220.37493414582988,150.3902417870481,180.63522323040092,186.0,2020-04-19
226,France,2020-03-25,192.77421803857348,120.05281776983055,258.1235774581887,174.18521080362945,211.40492676984348,240.0,2020-04-19
227,France,2020-03-26,221.59790988247192,126.07706246344289,302.3759097008878,199.79399539348537,245.30425103633857,231.0,2020-04-19
228,France,2020-03-27,252.648651884386,130.68914454081852,354.13757080063044,226.2784046276492,282.90990654912986,365.0,2020-04-19
229,France,2020-03-28,286.0293039045702,133.52576376583463,415.45561569641404,253.2688210929624,324.3540637047223,299.0,2020-04-19
230,France,2020-03-29,321.90294342026954,134.8600130701019,483.5438834040682,281.38509556499804,369.5652960795779,319.0,2020-04-19
231,France,2020-03-30,360.49761638244166,134.68712083673958,563.9811857319568,308.40851410742664,419.7455226347917,292.0,2020-04-19
232,France,2020-03-31,402.11067552250273,132.7680585964473,656.0298477311167,336.77421230268374,474.3102950755159,418.0,2020-04-19
233,France,2020-04-01,447.1132638260945,129.44481048195706,766.427422960475,364.1271971934299,534.6809328009053,499.0,2020-04-19
234,France,2020-04-02,495.95541896527436,126.18332186473795,891.2058005746113,394.3181914687533,602.0337054050216,509.0,2020-04-19
235,France,2020-04-03,549.1722141909993,122.12133764691393,1040.1079472102372,420.203475046471,676.2877192689388,471.0,2020-04-19
236,France,2020-04-04,607.3913108447607,116.63220298231455,1227.5320062181754,446.16074216842753,761.6293243291577,2004.0,2020-04-19
237,France,2020-04-05,671.3422761563301,111.13823328548064,1441.5533466716904,471.37084585185204,854.4586236725917,1053.0,2020-04-19
238,France,2020-04-06,741.868016545242,105.26390632922043,1685.6824219416098,497.67934667264336,954.961806990504,518.0,2020-04-19
239,France,2020-04-07,819.9386906377687,99.21591110824819,1962.6633391277549,521.9446749453683,1063.8796376850928,833.0,2020-04-19
240,France,2020-04-08,906.6684973095302,92.91276669458388,2280.6171944406865,546.410044120531,1183.2726412487132,1417.0,2020-04-19
241,France,2020-04-09,1003.3357822822657,86.84901943186121,2646.0147261051125,568.9374647346873,1317.4669970396205,541.0,2020-04-19
242,France,2020-04-10,1111.406972609172,80.79728720187515,3126.506944188093,594.2310419427257,1466.2143469680273,1341.0,2020-04-19
243,France,2020-04-11,1232.5649327827134,74.86599581846323,3659.088607756715,617.7942244829885,1634.682140344588,987.0,2020-04-19
244,France,2020-04-12,1368.7424408150662,68.96961026247007,4250.527803899655,636.9290276696993,1815.2238662973766,635.0,2020-04-19
245,France,2020-04-13,1522.1616097921226,63.37090967427083,4946.845959718834,662.0056223111873,2016.039044512528,561.0,2020-04-19
246,France,2020-04-14,1695.3802331847503,58.071031121357386,5832.874167081634,685.7403962593132,2246.250685709245,574.0,2020-04-19
247,France,2020-04-15,1891.3462145940152,52.999328597191855,6807.569666611913,706.3849637566902,2495.23400865853,762.0,2020-04-19
248,France,2020-04-16,2113.4614595927633,48.16758378624883,7985.82544775771,731.2656075362178,2773.1574396129176,1438.0,2020-04-19
249,France,2020-04-17,2365.6568650444783,43.63591614309925,9386.392449300058,750.6688529700531,3079.877176248611,753.0,2020-04-19
250,France,2020-04-18,2652.480347219953,39.414984179901204,10965.823385297976,772.2323673300325,3418.446544355331,761.0,2020-04-19
251,France,2020-04-19,2979.2002132643147,35.50752518183189,12768.116710796201,792.3420621408184,3790.4090415108776,642.0,2020-04-19
252,Germany,2020-02-15,1.0000000000000005e-09,1e-09,1e-09,1e-09,1e-09,0.0,2020-04-19
253,Germany,2020-02-16,0.0,0.0,0.0,0.0,0.0,0.0,2020-04-19
254,Germany,2020-02-17,0.0007072814439218168,1.2637435940330895e-05,0.00821710310668278,4.0652989238004103e-05,0.00015407688517154105,0.0,2020-04-19
255,Germany,2020-02-18,0.0030848039877673537,5.511810484907411e-05,0.035838848380974286,0.00017730778093185892,0.0006720054567874144,0.0,2020-04-19
256,Germany,2020-02-19,0.00858928494563541,0.00015347007786862675,0.09978918663496876,0.0004936932977074758,0.0018711225660553359,0.0,2020-04-19
257,Germany,2020-02-20,0.01883181313986584,0.0003364796775604978,0.21878553662884812,0.001082411398582792,0.004102393941843277,0.0,2020-04-19
258,Germany,2020-02-21,0.035346907804515056,0.0006315651101935582,0.41065574168268,0.0020316628902433288,0.0077001051021032205,0.0,2020-04-19
259,Germany,2020-02-22,0.0594157619433558,0.0010616182452654734,0.6902845341785078,0.003415087942160207,0.01294335601336376,0.0,2020-04-19
260,Germany,2020-02-23,0.0919445961353919,0.0016691559073512188,1.0661907197427247,0.005347933876327652,0.020170626386210658,0.0,2020-04-19
261,Germany,2020-02-24,0.13355222812787088,0.002510225936788308,1.5429010676177457,0.007960368585930777,0.029729702729953407,0.0,2020-04-19
262,Germany,2020-02-25,0.18461257124923314,0.0036882829014383976,2.1222589055196748,0.011434011207260349,0.04211151661872549,0.0,2020-04-19
263,Germany,2020-02-26,0.2453979229551169,0.005294013031854423,2.805009509007669,0.016018675134272346,0.05790369654438528,0.0,2020-04-19
264,Germany,2020-02-27,0.3161954739248493,0.007498977263280247,3.6014996595482263,0.022126922960370384,0.07771484777933572,0.0,2020-04-19
265,Germany,2020-02-28,0.3974145022708935,0.010548595914195982,4.4638005098351226,0.03016597221436922,0.10262253644875237,0.0,2020-04-19
266,Germany,2020-02-29,0.4896873236919535,0.014790691532740362,5.36844745260831,0.04063092580642619,0.13421727146839124,0.0,2020-04-19
267,Germany,2020-03-01,0.5939696485620025,0.020574827952535683,6.359928425314718,0.05479821101543105,0.17411497754591848,0.0,2020-04-19
268,Germany,2020-03-02,0.7116470540136792,0.028864289841172057,7.419514005442343,0.07344847218163167,0.2228350120507463,0.0,2020-04-19
269,Germany,2020-03-03,0.8446550894996336,0.04044794810927424,8.54911116573016,0.09821657401065154,0.28526639186936603,0.0,2020-04-19
270,Germany,2020-03-04,0.9956216451157476,0.05620296767545861,9.742736648126693,0.13092228602170894,0.3632864516500448,0.0,2020-04-19
271,Germany,2020-03-05,1.1680418673743898,0.07874268683292321,10.983653973436976,0.1741941775111623,0.4581009654637766,0.0,2020-04-19
272,Germany,2020-03-06,1.3664982719287255,0.10919935623427664,12.41533654340029,0.2318214552213081,0.5797514541047698,0.0,2020-04-19
273,Germany,2020-03-07,1.5969419650287988,0.1525481899218626,14.016088399459784,0.3078122006227529,0.7322406060061375,0.0,2020-04-19
274,Germany,2020-03-08,1.8658816364781228,0.2130513231648481,15.323912379890716,0.4074866256754466,0.9230472457390342,0.0,2020-04-19
275,Germany,2020-03-09,2.1813214507879075,0.29295689920574103,16.880999434310645,0.537832049899418,1.162995518967834,0.0,2020-04-19
276,Germany,2020-03-10,2.552683493446962,0.4042165921462232,18.526500655065988,0.7086989249346471,1.4589893839126675,2.0,2020-04-19
277,Germany,2020-03-11,2.991677758527852,0.5493016809655278,20.31591002258592,0.9338910034500788,1.8282057820806847,0.0,2020-04-19
278,Germany,2020-03-12,3.513184409895715,0.7427033423323264,22.11640248783132,1.22603313069463,2.288774884148289,1.0,2020-04-19
279,Germany,2020-03-13,4.13630692375854,1.0090815699352509,24.21211809382821,1.6110967411443275,2.865663408881333,2.0,2020-04-19
280,Germany,2020-03-14,4.880460305717135,1.3865298132778472,26.44803832277436,2.100225685574672,3.578344020855336,0.0,2020-04-19
281,Germany,2020-03-15,5.769362781701593,1.8934860136183465,28.54834084178885,2.7355722602356787,4.451054945248663,3.0,2020-04-19
282,Germany,2020-03-16,6.827979189369475,2.5426392478763264,30.891956533889047,3.5589892424245586,5.534108737198074,4.0,2020-04-19
283,Germany,2020-03-17,8.087108767697307,3.390151556642817,33.10141376740747,4.625806842822777,6.8702151381547765,1.0,2020-04-19
284,Germany,2020-03-18,9.585320408481897,4.4900740098606065,35.34993498012467,5.941766431007832,8.463040394398595,0.0,2020-04-19
285,Germany,2020-03-19,11.372865833869383,5.917581350887255,37.38454180997469,7.63270249801321,10.456444805876043,0.0,2020-04-19
286,Germany,2020-03-20,13.515605588579133,7.732291915429722,39.054653943732546,9.753280429748727,12.923442740787252,30.0,2020-04-19
287,Germany,2020-03-21,16.09939064667433,10.038601093612352,40.19239014426195,12.364252446184931,15.920009857861187,2.0,2020-04-19
288,Germany,2020-03-22,19.23517789776319,12.9518577447295,41.449182689583466,15.585730671952891,19.611838865126984,22.0,2020-04-19
289,Germany,2020-03-23,23.065226336868008,16.392739752010407,42.73111620251101,19.444847731627245,24.26510528901791,27.0,2020-04-19
290,Germany,2020-03-24,27.69317408471643,19.989838871180712,43.62618648729598,24.08088395026498,29.705432553211907,32.0,2020-04-19
291,Germany,2020-03-25,33.22079414481617,22.96117027600491,46.6466729878311,29.27303977503869,36.28161852978997,23.0,2020-04-19
292,Germany,2020-03-26,39.71391892174304,23.678480627921658,55.79953695495354,35.15218938677465,44.15037212299284,49.0,2020-04-19
293,Germany,2020-03-27,47.22114630907024,23.128316631883386,67.80925653447095,41.49055463029499,53.32106190598599,55.0,2020-04-19
294,Germany,2020-03-28,55.78439827616476,22.36608366473621,83.2603083645697,48.62692897394593,64.012685775891,72.0,2020-04-19
295,Germany,2020-03-29,65.44807579115142,21.340112304966205,100.99959661521585,56.4969844022545,76.4042382566466,64.0,2020-04-19
296,Germany,2020-03-30,76.2667112466222,20.53058336040164,121.988132605661,64.98923801092995,90.44212106563498,66.0,2020-04-19
297,Germany,2020-03-31,88.31146883624572,19.499589264203166,147.8161319943179,74.11250062893902,106.54023374155844,128.0,2020-04-19
298,Germany,2020-04-01,101.67590450899023,18.494303469334792,178.29189502909045,83.76547295649091,124.24990747916037,149.0,2020-04-19
299,Germany,2020-04-02,116.48135406838641,17.623337577144,214.92993280777821,94.09187998771824,144.09841240007168,140.0,2020-04-19
300,Germany,2020-04-03,132.88227138694236,16.542522211855136,254.60543185466372,104.0701927400272,165.9220799285385,145.0,2020-04-19
301,Germany,2020-04-04,151.07181182562718,15.365671564758685,304.9994261351582,115.08268874235095,190.83208011916398,141.0,2020-04-19
302,Germany,2020-04-05,171.28794829304292,14.216848749765296,365.4887269295411,125.51736895800077,217.84634959885125,184.0,2020-04-19
303,Germany,2020-04-06,193.82041465250902,13.115572889526767,437.44887640864766,136.36947906123677,247.5835086994278,92.0,2020-04-19
304,Germany,2020-04-07,219.0187907290621,12.139982033143664,524.9484845453849,146.8824204099721,282.0484830188506,173.0,2020-04-19
305,Germany,2020-04-08,247.3020744712213,11.133058467143206,629.8722940165231,158.38274204754003,319.6890063065707,254.0,2020-04-19
306,Germany,2020-04-09,279.1701309101164,10.202735392049998,748.6740668363145,170.10865413940192,362.2115326363746,246.0,2020-04-19
307,Germany,2020-04-10,315.21746645072045,9.245280495085767,897.0629940961612,180.93351412031785,407.72726431731763,266.0,2020-04-19
308,Germany,2020-04-11,356.14985347867,8.408285689483897,1076.6398644046908,191.20804733421826,459.25277859048487,171.0,2020-04-19
309,Germany,2020-04-12,402.80442772114935,7.5915102910569034,1305.0344113159208,202.25700030363117,520.2865209009166,129.0,2020-04-19
310,Germany,2020-04-13,456.17400351351347,6.862523244173731,1560.8701727796524,212.81688360335744,586.6403478215981,126.0,2020-04-19
311,Germany,2020-04-14,517.4365053394727,6.198827611878058,1881.6336618184062,222.3991839426997,662.3979965580786,170.0,2020-04-19
312,Germany,2020-04-15,587.9906042219478,5.560550792341274,2269.036466243049,233.18527196383786,747.9351043541845,285.0,2020-04-19
313,Germany,2020-04-16,669.4988827922824,4.987941570680059,2722.4868711823456,242.88520679092815,836.3707127655414,315.0,2020-04-19
314,Germany,2020-04-17,763.9401431452202,4.464756468031691,3265.2261116533114,252.84038324025425,939.9235361082576,299.0,2020-04-19
315,Germany,2020-04-18,873.6728292914828,3.977131805261577,3906.872638055138,264.4849049436475,1063.4834041381173,242.0,2020-04-19
316,Germany,2020-04-19,1001.5119765287677,3.548768711861956,4686.388579859379,271.75648161464846,1197.7233430157085,184.0,2020-04-19
317,Italy,2020-01-27,1.0000000000000005e-09,1e-09,1e-09,1e-09,1e-09,0.0,2020-04-19
318,Italy,2020-01-28,0.0,0.0,0.0,0.0,0.0,0.0,2020-04-19
319,Italy,2020-01-29,0.00016605055413227487,3.962473066895574e-05,0.00047003510074463117,9.133333342547736e-05,0.00018608434249312768,0.0,2020-04-19
320,Italy,2020-01-30,0.0007242285457369401,0.00017282303704169272,0.002050055413765313,0.00039834981334268166,0.0008116057995257124,0.0,2020-04-19
321,Italy,2020-01-31,0.002016531802268554,0.00048120603973789757,0.0057081455330706575,0.0011091596316683094,0.002259823801868844,0.0,2020-04-19
322,Italy,2020-02-01,0.0044212004062358,0.0010550333676755863,0.012514980086738105,0.002431807427284605,0.004954612617368124,0.0,2020-04-19
323,Italy,2020-02-02,0.008298497971694224,0.00198027491569416,0.023490348168589845,0.004564450182898121,0.009299701207339282,0.0,2020-04-19
324,Italy,2020-02-03,0.01394921396520641,0.003328708231678864,0.03948568690846552,0.007672532119902711,0.01563216890528198,0.0,2020-04-19
325,Italy,2020-02-04,0.021718571462049488,0.005201327964032203,0.06141804469037404,0.011966548888461728,0.02434138618186156,0.0,2020-04-19
326,Italy,2020-02-05,0.03196313985201475,0.007713232390607117,0.09019854139171844,0.01768127606203143,0.03583071870574557,0.0,2020-04-19
327,Italy,2020-02-06,0.04513384515385334,0.011027360419277996,0.12692678051050968,0.025117483481659028,0.05060921607459736,0.0,2020-04-19
328,Italy,2020-02-07,0.06179380615345716,0.015357781753153185,0.17271005928690253,0.03467555557943653,0.06935824351918257,0.0,2020-04-19
329,Italy,2020-02-08,0.08264967727558804,0.0209842604586938,0.22834717028646,0.046866459323733296,0.0928556838567853,0.0,2020-04-19
330,Italy,2020-02-09,0.10858991353158864,0.028374712691411487,0.2958438052046141,0.0623873242945744,0.12203084238689375,0.0,2020-04-19
331,Italy,2020-02-10,0.14073174823445347,0.03796516071601058,0.3777054135853541,0.0821606160946027,0.15842376397061847,0.0,2020-04-19
332,Italy,2020-02-11,0.18047900535194375,0.050579393009211285,0.47701816973271005,0.1069081414274429,0.20335589885305927,0.0,2020-04-19
333,Italy,2020-02-12,0.2295935388535381,0.0668881458531159,0.598495067600651,0.13836259550259106,0.258375059668075,0.0,2020-04-19
334,Italy,2020-02-13,0.2902838999342639,0.08865282978050773,0.7487331479762858,0.1782012619240418,0.32673533275454125,0.0,2020-04-19
335,Italy,2020-02-14,0.365315779314172,0.11711934373694582,0.9267088941837366,0.2280205754333477,0.4107176183535404,0.0,2020-04-19
336,Italy,2020-02-15,0.4581499224263574,0.15375514483454114,1.1446745669905338,0.29124331996738,0.5150016374490844,0.0,2020-04-19
337,Italy,2020-02-16,0.5731146508575792,0.2014124289231159,1.4111228205073685,0.3717399755760918,0.6439588707741278,0.0,2020-04-19
338,Italy,2020-02-17,0.7156219321147148,0.26375254849939866,1.739938007676315,0.4732991731338663,0.8039462386730841,0.0,2020-04-19
339,Italy,2020-02-18,0.8924382244976798,0.3457514301875646,2.121459296510545,0.602670385047892,0.9996514038625026,0.0,2020-04-19
340,Italy,2020-02-19,1.1120242110786314,0.4523527218057119,2.6001513063183634,0.7669358369249114,1.2404317630664676,0.0,2020-04-19
341,Italy,2020-02-20,1.3849611857691448,0.5902413520788757,3.197889346403847,0.9722947175115716,1.5406980851071337,0.0,2020-04-19
342,Italy,2020-02-21,1.7244864670671989,0.7708686774733727,3.9559296095620495,1.2328363547130192,1.913251473134455,0.0,2020-04-19
343,Italy,2020-02-22,2.1471660476681764,1.0059126245109278,4.933224794797408,1.5645911090461415,2.376572978995287,0.0,2020-04-19
344,Italy,2020-02-23,2.6737400664813737,1.3127718860425035,6.005378820893652,1.9839364075762476,2.943588377152683,2.0,2020-04-19
345,Italy,2020-02-24,3.3301860279889195,1.7117589107113882,7.497240537052371,2.5111775060420003,3.656365478742475,0.0,2020-04-19
346,Italy,2020-02-25,4.149056519478345,2.22486573005843,9.199683268748664,3.18302980080935,4.531050390045752,4.0,2020-04-19
347,Italy,2020-02-26,5.1711631607745145,2.8894544755788107,11.304851260613926,4.030814908658793,5.625046461598692,5.0,2020-04-19
348,Italy,2020-02-27,6.4476975191984085,3.740380424739007,13.679997528418404,5.107485297433193,6.978487889557421,1.0,2020-04-19
349,Italy,2020-02-28,8.0429038257095,4.866931246414293,16.67762430406593,6.4585721810217205,8.655510483614957,5.0,2020-04-19
350,Italy,2020-02-29,10.03744892930314,6.299850456855753,20.496472515713464,8.155286744495182,10.721860900085098,4.0,2020-04-19
351,Italy,2020-03-01,12.53267380501282,8.140045174219207,25.16011021096399,10.315724873112478,13.304508240263395,8.0,2020-04-19
352,Italy,2020-03-02,15.655960361351971,10.51926833934764,31.189602187980427,13.015701718431533,16.499199159262698,6.0,2020-04-19
353,Italy,2020-03-03,19.567510187270354,13.655141952476153,38.81567471447664,16.450427049866214,20.460771112234546,17.0,2020-04-19
354,Italy,2020-03-04,24.468911966277428,17.50589220166908,48.22132644371232,20.72749190408527,25.356562956545066,28.0,2020-04-19
355,Italy,2020-03-05,30.613976348297097,22.325338568367187,60.72016091324228,26.184171729631025,31.58009602593286,27.0,2020-04-19
356,Italy,2020-03-06,38.322447245465845,28.542488946138672,74.84503609245516,32.96095631424686,39.303073520445814,41.0,2020-04-19
357,Italy,2020-03-07,47.9444703037147,36.075177155670545,93.04881209783291,41.44154565963048,48.8435949010783,49.0,2020-04-19
358,Italy,2020-03-08,59.899478149866844,45.430722254338185,114.71233104733238,51.940324280259816,60.81467127558544,36.0,2020-04-19
359,Italy,2020-03-09,74.66873181100108,57.12918759364121,140.67562983522882,64.92168445011868,75.6103513396455,133.0,2020-04-19
360,Italy,2020-03-10,92.82665846707395,71.59792663050018,172.53060684746558,80.81565552080113,93.91840639467534,98.0,2020-04-19
361,Italy,2020-03-11,114.87326839027234,88.63726432951367,207.56714995696208,100.1400498460298,116.33943155397391,167.0,2020-04-19
362,Italy,2020-03-12,141.34681533784163,109.2929192349748,250.57045335967015,123.52241687991659,143.88508591805746,196.0,2020-04-19
363,Italy,2020-03-13,172.44062175344098,132.85215656458408,300.8202088328978,151.1426123811894,177.07637457126373,189.0,2020-04-19
364,Italy,2020-03-14,208.21225807912467,160.57690610693808,348.7614123099961,183.2796634150642,215.68165252846367,252.0,2020-04-19
365,Italy,2020-03-15,248.47758283129542,192.06013276534625,397.1853371895189,220.04146035432228,259.8966624418666,173.0,2020-04-19
366,Italy,2020-03-16,292.9248063782829,226.6001344853973,445.54228906161836,260.8438268717321,308.7718703517308,370.0,2020-04-19
367,Italy,2020-03-17,341.18635377706113,264.1255648425032,495.47555228558565,305.90086793842937,360.9042687360028,347.0,2020-04-19
368,Italy,2020-03-18,392.89546980603035,303.6632749533443,542.2113124654411,354.96935872871524,417.270969502232,347.0,2020-04-19
369,Italy,2020-03-19,447.72707438647654,347.7223276937394,593.5802368258283,407.2587544021899,477.8212626891303,473.0,2020-04-19
370,Italy,2020-03-20,505.4252759643798,379.6800169531936,652.4578615316302,461.6999066291658,541.6614067280224,429.0,2020-04-19
371,Italy,2020-03-21,565.8205328934351,403.61524540274087,719.5213222165137,519.4811346739544,609.7908876129842,625.0,2020-04-19
372,Italy,2020-03-22,628.8392032301327,416.31457674059936,807.6071165422667,578.0113688242732,682.6753321039396,795.0,2020-04-19
373,Italy,2020-03-23,694.507763543779,419.6537677310743,905.7779476234626,637.5482068798408,762.5737867858693,649.0,2020-04-19
374,Italy,2020-03-24,762.9535231554735,418.29970876284784,1013.0446559440404,696.8492817443077,845.7162468839806,601.0,2020-04-19
375,Italy,2020-03-25,834.4032689691718,414.76822523247904,1144.2932473762164,755.7858966498903,934.035523214642,743.0,2020-04-19
376,Italy,2020-03-26,909.1809531134727,407.9009655123745,1292.2924545738479,813.8967279440213,1033.5623265175773,685.0,2020-04-19
377,Italy,2020-03-27,987.7052735714384,396.08508095221566,1464.6357335066034,871.4646075342597,1135.869616310711,660.0,2020-04-19
378,Italy,2020-03-28,1070.4877883812487,382.05901797404204,1651.6082703929862,926.9577499333876,1249.1148262018892,971.0,2020-04-19
379,Italy,2020-03-29,1158.1320396171154,366.36630655319215,1870.5801571841105,977.9853633442343,1374.3912517292445,887.0,2020-04-19
380,Italy,2020-03-30,1251.3340380457848,349.0514345948849,2126.599996456438,1023.4634336556177,1506.7172769204974,758.0,2020-04-19
381,Italy,2020-03-31,1350.884367597012,329.26155664540835,2413.052331670119,1071.6275778756333,1651.061953861341,810.0,2020-04-19
382,Italy,2020-04-01,1457.6721055612854,310.4229205416197,2746.7185472517285,1115.3097605785401,1804.2638908670694,839.0,2020-04-19
383,Italy,2020-04-02,1572.6907151827866,291.69741254197635,3129.2318964784517,1155.8165360853627,1975.9749938082114,727.0,2020-04-19
384,Italy,2020-04-03,1697.0460480341558,272.442765376786,3563.3556245245813,1195.7323896464627,2154.9592708230093,760.0,2020-04-19
385,Italy,2020-04-04,1831.9665908206744,252.973091758018,4079.5319606124426,1231.1598540114785,2348.096157485858,764.0,2020-04-19
386,Italy,2020-04-05,1978.8161022641546,233.2239728140486,4637.853249622085,1266.6949596846816,2562.284681041265,681.0,2020-04-19
387,Italy,2020-04-06,2139.1088082732635,214.42014027996257,5282.804187308169,1300.4405732046353,2790.668951819206,527.0,2020-04-19
388,Italy,2020-04-07,2314.527356110237,196.85804391464438,6041.703279986776,1333.1676100553675,3043.0774815684413,636.0,2020-04-19
389,Italy,2020-04-08,2506.9437696422124,179.8111094899871,6914.265751822299,1364.2305565685965,3315.1955889994874,604.0,2020-04-19
390,Italy,2020-04-09,2718.4436974322243,163.46814210215456,7888.9057478561435,1386.8361593478164,3616.4016811535494,540.0,2020-04-19
391,Italy,2020-04-10,2951.35430323154,148.4127881949492,9029.126513086649,1415.6688741498892,3950.9556001757123,612.0,2020-04-19
392,Italy,2020-04-11,3208.27621462976,134.39692321901828,10265.378804470818,1436.8294686159704,4301.3686712749495,570.0,2020-04-19
393,Italy,2020-04-12,3492.1200208153664,121.45375087709738,11685.91403086657,1460.1578857076504,4682.5542560057365,619.0,2020-04-19
394,Italy,2020-04-13,3806.147895554931,109.37068429255959,13339.951264320789,1484.9594610842428,5102.7195624789065,431.0,2020-04-19
395,Italy,2020-04-14,4154.021017905114,98.24020398713174,15176.416608630934,1506.169034485275,5537.021043057685,564.0,2020-04-19
396,Italy,2020-04-15,4539.85357245416,88.09262006717228,17310.600493482958,1528.6403057828256,6030.954371654734,604.0,2020-04-19
397,Italy,2020-04-16,4968.274235021426,78.82848069932649,19765.22703223092,1544.6709692598367,6566.41383162769,578.0,2020-04-19
398,Italy,2020-04-17,5444.496191067294,70.37497996840395,22603.95032303157,1559.8818224962586,7157.708811840887,525.0,2020-04-19
399,Italy,2020-04-18,5974.396895328972,62.694735349658956,25829.09053737107,1579.8568976960535,7782.8343858660755,575.0,2020-04-19
400,Italy,2020-04-19,6564.608965598093,55.73937127200881,29514.213710688262,1604.6072331926098,8449.674407072645,480.0,2020-04-19
401,Norway,2020-02-24,1.0000000000000005e-09,1e-09,1e-09,1e-09,1e-09,0.0,2020-04-19
402,Norway,2020-02-25,0.0,0.0,0.0,0.0,0.0,0.0,2020-04-19
403,Norway,2020-02-26,0.0006882273938429088,1.9134789579851185e-05,0.007622473572321187,6.898046814696497e-05,0.0002703415290354148,0.0,2020-04-19
404,Norway,2020-02-27,0.003001699856913001,8.345627572768477e-05,0.03324537505489384,0.00030085791879100744,0.001179093038555323,0.0,2020-04-19
405,Norway,2020-02-28,0.008357890969584426,0.00023237448329590968,0.09256795589066716,0.0008377045682299893,0.0032830501146027865,0.0,2020-04-19
406,Norway,2020-02-29,0.018324487076489992,0.0005094758033525365,0.2029531514096753,0.0018366483351254254,0.007198013184838071,0.0,2020-04-19
407,Norway,2020-03-01,0.03439466770656016,0.0009562751136060623,0.3809386955060177,0.0034473493810090435,0.013510515770865787,0.0,2020-04-19
408,Norway,2020-03-02,0.05781511072696345,0.0016074338048635663,0.6403321889533691,0.005794761207695927,0.02271026346104249,0.0,2020-04-19
409,Norway,2020-03-03,0.08895901522305358,0.002517120194321397,0.981778430345816,0.00901689910251293,0.0351882560777723,0.0,2020-04-19
410,Norway,2020-03-04,0.12764810376006694,0.003739283172106776,1.3968531571555935,0.013262064292961818,0.05129122085333456,0.0,2020-04-19
411,Norway,2020-03-05,0.17301248489172008,0.005355254450161088,1.8666352898843892,0.018688208229989258,0.0711990911799111,0.0,2020-04-19
412,Norway,2020-03-06,0.22382981178176972,0.007479034424173898,2.3658385159432846,0.025630433627153133,0.0951938399777611,0.0,2020-04-19
413,Norway,2020-03-07,0.2787973562959641,0.010351324248048362,2.8671159058712026,0.03445538247479474,0.12411601274561553,0.0,2020-04-19
414,Norway,2020-03-08,0.3367602060804142,0.014070617434938771,3.3960308294263277,0.04533805393433017,0.15723804623650528,0.0,2020-04-19
415,Norway,2020-03-09,0.3968737289201915,0.018846639756491,3.8755431518885137,0.0583131457272632,0.19564118019898696,0.0,2020-04-19
416,Norway,2020-03-10,0.458699412254111,0.025190489914390102,4.348459273997243,0.07452058265482478,0.2402056494689063,0.0,2020-04-19
417,Norway,2020-03-11,0.5222459992162551,0.03353061556022405,4.7954755669407545,0.09432513631979364,0.290857263660152,0.0,2020-04-19
418,Norway,2020-03-12,0.5879740790048009,0.044956130714326935,5.16929842131146,0.11899145690504467,0.34833252337945164,0.0,2020-04-19
419,Norway,2020-03-13,0.6567834655332138,0.05926269267903175,5.469335870923227,0.14952226534892765,0.41340565589651135,1.0,2020-04-19
420,Norway,2020-03-14,0.7297533830470043,0.07749041396997057,5.6903883992305975,0.1868776376582041,0.4878919895833185,0.0,2020-04-19
421,Norway,2020-03-15,0.8081031575334434,0.10070071263330332,5.86064496697351,0.23289667576973003,0.573171067396502,0.0,2020-04-19
422,Norway,2020-03-16,0.8931446124238483,0.13106869206601396,6.142866892031687,0.2846060965126094,0.6695563350810678,0.0,2020-04-19
423,Norway,2020-03-17,0.9861926669257204,0.17067216885455805,6.172176895262147,0.35045413113984003,0.7789067427946851,2.0,2020-04-19
424,Norway,2020-03-18,1.0884009226614535,0.21610904506258333,6.561947711841582,0.42698312562187307,0.9063392710760981,0.0,2020-04-19
425,Norway,2020-03-19,1.2009582471771336,0.27022443072880925,6.571365572347705,0.518607233271376,1.045277707063688,0.0,2020-04-19
426,Norway,2020-03-20,1.3250652555801934,0.34238069408970473,6.58342527534265,0.6214748206217421,1.2050337582120307,3.0,2020-04-19
427,Norway,2020-03-21,1.4621310788511157,0.42926994971226,6.480452657243911,0.7401619366505803,1.3801718351020118,1.0,2020-04-19
428,Norway,2020-03-22,1.6139307303575745,0.5269308395502575,6.4513853098593525,0.8744718179889424,1.5751916429452801,0.0,2020-04-19
429,Norway,2020-03-23,1.782750889165969,0.6270136552106984,6.467368984872215,1.0305302475422815,1.8027571307533408,0.0,2020-04-19
430,Norway,2020-03-24,1.9715254092978818,0.7426737741908233,6.290198852785414,1.2016213054597968,2.071279244169828,1.0,2020-04-19
431,Norway,2020-03-25,2.183967274355646,0.8527741783434821,6.204235741183537,1.3972422655905679,2.34600875770327,2.0,2020-04-19
432,Norway,2020-03-26,2.4221205124237892,0.9642047368718579,6.139577500198808,1.6054151275276896,2.665266788026585,2.0,2020-04-19
433,Norway,2020-03-27,2.6876313166129377,1.077264368758266,6.167295039046277,1.8230761710087688,3.030975471020465,2.0,2020-04-19
434,Norway,2020-03-28,2.9806021505172566,1.1677505889822433,6.421109825870719,2.0330017270739145,3.4376989526481547,2.0,2020-04-19
435,Norway,2020-03-29,3.3003010350007376,1.23178588688042,7.014523767189986,2.243943759802711,3.876389807044509,4.0,2020-04-19
436,Norway,2020-03-30,3.645578043323931,1.2864533187597456,7.649004077030938,2.4649229065218896,4.359529440048782,2.0,2020-04-19
437,Norway,2020-03-31,4.015213921214455,1.3113094282490172,8.601135059888714,2.6801763921124997,4.876961286074167,4.0,2020-04-19
438,Norway,2020-04-01,4.408189707599463,1.3151491194075495,9.736544807725029,2.8790943824614845,5.460138914420341,2.0,2020-04-19
439,Norway,2020-04-02,4.823887934946735,1.2617273192561136,10.880806034653958,3.0793581831865646,6.0681555273676135,4.0,2020-04-19
440,Norway,2020-04-03,5.2622409375928045,1.184213568560066,12.289889788974525,3.24020881326026,6.691592752068553,10.0,2020-04-19
441,Norway,2020-04-04,5.723840922337862,1.1142984982052018,13.973724655462886,3.396454948166319,7.358902055290208,2.0,2020-04-19
442,Norway,2020-04-05,6.210024249775686,1.0508399928234151,15.691931496162269,3.554867557548128,8.050555502017684,6.0,2020-04-19
443,Norway,2020-04-06,6.7229403091617,0.9756037058762774,17.645626847127808,3.6810553804727553,8.779595269667126,8.0,2020-04-19
444,Norway,2020-04-07,7.265613767685973,0.9051324071003864,19.673403879706274,3.8225723307568935,9.514525123279943,1.0,2020-04-19
445,Norway,2020-04-08,7.8420078142216605,0.822545002587933,22.27476497689229,3.9408153915548176,10.300859538719843,10.0,2020-04-19
446,Norway,2020-04-09,8.457095217871181,0.7576359112915251,24.92253353970566,4.060823167716325,11.110454593233293,11.0,2020-04-19
447,Norway,2020-04-10,9.11694352465247,0.6761989250364022,28.254688021504435,4.089235649074484,11.904297882447365,8.0,2020-04-19
448,Norway,2020-04-11,9.828820493460023,0.6061638844701844,32.30991338480749,4.12700552330323,12.71707780968578,4.0,2020-04-19
449,Norway,2020-04-12,10.601325918979317,0.5431959038460732,37.17148605757127,4.160944002716295,13.519010347079279,6.0,2020-04-19
450,Norway,2020-04-13,11.444556312571313,0.4849774228212689,42.51046976794113,4.18183010526101,14.393166463774829,5.0,2020-04-19
451,Norway,2020-04-14,12.370309530269324,0.4310306963103825,47.854878496621645,4.1896117971058215,15.383283098962602,11.0,2020-04-19
452,Norway,2020-04-15,13.392337376947587,0.3787526026770308,54.15281102721522,4.202114845865552,16.360325243353554,13.0,2020-04-19
453,Norway,2020-04-16,14.526655514472422,0.3385682343032336,62.25847416034334,4.202259607590476,17.335025165739783,3.0,2020-04-19
454,Norway,2020-04-17,15.79192170846858,0.29967228892630915,69.60865784813265,4.190198736921705,18.379170650208714,6.0,2020-04-19
455,Norway,2020-04-18,17.209895627521938,0.2612250420447585,78.64964251450859,4.148602708946832,19.656516040291745,0.0,2020-04-19
456,Norway,2020-04-19,18.805996143032022,0.2309737748655163,88.76995362767386,4.1083238716941874,21.02488103984023,12.0,2020-04-19
457,Spain,2020-02-09,1.0000000000000005e-09,1e-09,1e-09,1e-09,1e-09,0.0,2020-04-19
458,Spain,2020-02-10,0.0,0.0,0.0,0.0,0.0,0.0,2020-04-19
459,Spain,2020-02-11,0.10034813997975676,3.301929712371611e-05,0.8845564023035182,8.58402604843822e-05,0.00024709355992082584,0.0,2020-04-19
460,Spain,2020-02-12,0.4376678407652509,0.00014401347627009708,3.85798770868456,0.00037439180700813335,0.00107769715372266,0.0,2020-04-19
461,Spain,2020-02-13,1.2186361956159513,0.0004009891029058977,10.742126850864873,0.0010424512949464971,0.0030007248353966657,0.0,2020-04-19
462,Spain,2020-02-14,2.671832319753002,0.0008791595464397152,23.55187036646363,0.002285550906518604,0.0065790213902566395,0.0,2020-04-19
463,Spain,2020-02-15,5.014971738196938,0.0016501635398919038,44.206353593481474,0.004289929842401485,0.01234868149966098,0.0,2020-04-19
464,Spain,2020-02-16,8.429828391135969,0.0027738133303218896,74.30789125940468,0.0072110819899574375,0.020757298611689547,0.0,2020-04-19
465,Spain,2020-02-17,12.786087490647965,0.004365528120487184,112.6999402791366,0.011303597232639828,0.03246007455110435,0.0,2020-04-19
466,Spain,2020-02-18,17.785982594694193,0.006574689621103658,156.7794083629223,0.016876478638166617,0.04822066888413129,0.0,2020-04-19
467,Spain,2020-02-19,22.914456676922388,0.009639874613729777,202.07221181640634,0.024417303032390848,0.06894980651298074,0.0,2020-04-19
468,Spain,2020-02-20,27.607162142348805,0.013907766021102864,243.21725545125545,0.03457821852875355,0.09585570866775096,0.0,2020-04-19
469,Spain,2020-02-21,31.39281404214014,0.01986645834016375,276.23284709223367,0.048212224361695616,0.13136069498824518,0.0,2020-04-19
470,Spain,2020-02-22,33.99442716554891,0.028160126987557363,298.65217400200964,0.06660213786445272,0.17744622185797038,0.0,2020-04-19
471,Spain,2020-02-23,35.36583420728841,0.0396575218303788,310.36799568496724,0.09172784301270644,0.23666300371367865,0.0,2020-04-19
472,Spain,2020-02-24,35.66385800046451,0.056083302914541035,312.4906202223328,0.12559275874701842,0.3135768411237133,0.0,2020-04-19
473,Spain,2020-02-25,35.1749672771846,0.07910274530191838,308.3330319592726,0.17181938689401505,0.4129186460630113,0.0,2020-04-19
474,Spain,2020-02-26,34.22451653802441,0.11163980160435316,299.33765545625437,0.23425434042383603,0.5419963625193833,0.0,2020-04-19
475,Spain,2020-02-27,33.09613523796792,0.1581766218652909,288.48057517064234,0.3182329768554704,0.7113551040312242,0.0,2020-04-19
476,Spain,2020-02-28,31.980680518756124,0.2224969563239506,277.38372776822564,0.4321584790055155,0.929682330529956,0.0,2020-04-19
477,Spain,2020-02-29,30.962252175097536,0.3123040181336011,266.4100303880239,0.5869963621210614,1.2168795435660846,0.0,2020-04-19
478,Spain,2020-03-01,30.037194061225986,0.4416869125818474,255.88959369037846,0.7954003967409526,1.582892723468707,0.0,2020-04-19
479,Spain,2020-03-02,29.153938751994872,0.6197862062006866,245.5046505390196,1.0766039287782854,2.0631802897917333,0.0,2020-04-19
480,Spain,2020-03-03,28.25853018173212,0.8707514162739374,233.9979704244767,1.4588330923401052,2.689192385383839,0.0,2020-04-19
481,Spain,2020-03-04,27.33249966920545,1.2276523177937029,220.94770603878771,1.9800977699851567,3.5068831581712745,0.0,2020-04-19
482,Spain,2020-03-05,26.41497721913064,1.7208109085791463,206.2809250032728,2.686841855983336,4.5664475626043535,1.0,2020-04-19
483,Spain,2020-03-06,25.607370467591625,2.4243248548319047,190.81713925745646,3.64113587253912,5.9569293400347005,2.0,2020-04-19
484,Spain,2020-03-07,25.06461390406264,3.3961180700584443,174.80127289158787,4.9236794180553485,7.764693896198287,2.0,2020-04-19
485,Spain,2020-03-08,24.980501524245607,4.7397431977932785,158.832833224222,6.679524670954219,10.11587871967726,0.0,2020-04-19
486,Spain,2020-03-09,25.575487420126123,6.640295738708995,143.70372332144868,9.076020188078788,13.249939878969446,0.0,2020-04-19
487,Spain,2020-03-10,27.09394457929489,9.29216011750792,129.84216288607578,12.297590823342599,17.26971973855785,23.0,2020-04-19
488,Spain,2020-03-11,29.80901961821434,12.923740785212205,117.57332309440099,16.652171666106163,22.62690695631473,7.0,2020-04-19
489,Spain,2020-03-12,34.04593391395624,17.825102478262846,106.76126119375523,22.395459980460195,29.704640390362954,12.0,2020-04-19
490,Spain,2020-03-13,40.208481723234016,24.56804097462855,97.72835081496376,30.145026800794568,38.827582049563844,37.0,2020-04-19
491,Spain,2020-03-14,48.8178640278737,33.50526074751393,90.23295287098013,40.323978778576425,50.70598564182014,37.0,2020-04-19
492,Spain,2020-03-15,60.514612886402595,45.00334315184449,84.32595208706144,53.58113898640582,65.83353425411197,15.0,2020-04-19
493,Spain,2020-03-16,75.78159563383689,58.55646581622933,97.05343947112976,69.04661306278942,81.76890480208813,152.0,2020-04-19
494,Spain,2020-03-17,95.08726998329041,59.828396962465106,124.49924569885016,86.42959311003258,105.1183029460853,21.0,2020-04-19
495,Spain,2020-03-18,118.74609546636991,56.60024183350976,158.9471496169724,110.49937723601049,134.43520036556347,182.0,2020-04-19
496,Spain,2020-03-19,147.00011275033634,53.73180684676489,200.15043431415202,139.2618132518796,168.81434271851802,107.0,2020-04-19
497,Spain,2020-03-20,180.0642166581099,51.193474190735934,248.8403827567287,173.22267561786353,209.31866334467102,169.0,2020-04-19
498,Spain,2020-03-21,218.16468655385762,48.890789889240075,303.6022813916948,212.39064664259388,256.0572136338567,235.0,2020-04-19
499,Spain,2020-03-22,261.5711061996727,46.623042846149005,366.5850800676308,256.4968186937532,308.49546926527836,324.0,2020-04-19
500,Spain,2020-03-23,310.62340717700147,44.45262321515869,437.0493558524408,306.1106682025553,368.5900103735456,394.0,2020-04-19
501,Spain,2020-03-24,365.75582127976054,42.294778171452826,518.6335735589973,360.0370132478608,435.7319971534109,462.0,2020-04-19
502,Spain,2020-03-25,427.51923445526774,40.17026453972,616.5358459957242,417.49084824102584,512.4357033374142,514.0,2020-04-19
503,Spain,2020-03-26,496.6031872548786,38.03831422145896,734.6230197349828,478.6855900066457,600.4000041484128,738.0,2020-04-19
504,Spain,2020-03-27,573.8586282734099,35.916882437878606,874.8437093050818,542.0114573439402,699.1721516111818,655.0,2020-04-19
505,Spain,2020-03-28,660.3224744208926,33.78304218199152,1049.9360576617999,608.4625605960345,812.3958321370601,769.0,2020-04-19
506,Spain,2020-03-29,757.2450362423295,31.63853991161832,1254.7228363945594,677.2394133914079,939.682280054051,832.0,2020-04-19
507,Spain,2020-03-30,866.1214115575721,29.52968590215844,1502.2991271049439,748.6094513141969,1086.2751872716967,838.0,2020-04-19
508,Spain,2020-03-31,988.7280312291624,27.46359745291323,1802.7881272925592,823.7084608259337,1253.5355196428575,812.0,2020-04-19
509,Spain,2020-04-01,1127.1656582963305,25.486718419134217,2167.2587840155325,903.6848478546666,1447.3689154844312,849.0,2020-04-19
510,Spain,2020-04-02,1283.910300894217,23.557896543381105,2593.956199589915,984.5446519033643,1671.9422466197796,864.0,2020-04-19
511,Spain,2020-04-03,1461.8737070898135,21.732229231560588,3121.610642724367,1063.1127153384896,1919.5185323604073,950.0,2020-04-19
512,Spain,2020-04-04,1664.4753742888395,19.97356124377918,3769.2520268590993,1155.0325514093884,2202.5464127874566,932.0,2020-04-19
513,Spain,2020-04-05,1895.728337116637,18.29747899816481,4528.108837996443,1238.5040478215594,2530.1656181288267,809.0,2020-04-19
514,Spain,2020-04-06,2160.3414076102226,16.689896210225033,5456.396529175978,1328.1927440815393,2913.8370235247007,674.0,2020-04-19
515,Spain,2020-04-07,2463.8410447239607,15.201954812225619,6558.674896536601,1417.973738941279,3345.8274271821087,637.0,2020-04-19
516,Spain,2020-04-08,2812.716644325968,13.819548466955247,7870.577502662171,1514.8271898003463,3827.068237264777,743.0,2020-04-19
517,Spain,2020-04-09,3214.5937878127447,12.515670512516,9438.733192972697,1613.2907570018963,4371.574668052448,757.0,2020-04-19
518,Spain,2020-04-10,3678.440893846745,11.306373250767596,11396.174980724729,1724.9555802855914,4993.897100213466,683.0,2020-04-19
519,Spain,2020-04-11,4214.815816139035,10.190462899457687,13701.670548715769,1833.3181207007165,5727.535261140996,605.0,2020-04-19
520,Spain,2020-04-12,4836.16026053831,9.161826039172906,16564.519643184318,1953.4510948906875,6580.660941231954,510.0,2020-04-19
521,Spain,2020-04-13,5557.15150569117,8.219182013458816,20003.97000192675,2078.922154232407,7512.281693882347,619.0,2020-04-19
522,Spain,2020-04-14,6395.122862759035,7.358769613616924,24144.77535750549,2202.834001023692,8598.397024473676,517.0,2020-04-19
523,Spain,2020-04-15,7370.56667386495,6.570184719562987,29114.134441561328,2338.6133443446224,9828.714581639968,567.0,2020-04-19
524,Spain,2020-04-16,8507.736514977909,5.856339793256866,35133.117440474365,2465.9873957980826,11246.37556305287,523.0,2020-04-19
525,Spain,2020-04-17,9835.368745430074,5.210628170221659,42513.643451896336,2609.446946073242,12884.501979567518,551.0,2020-04-19
526,Spain,2020-04-18,11387.54776596012,4.620892636477227,51308.783353257575,2757.74856265072,14727.885763326443,348.0,2020-04-19
527,Spain,2020-04-19,13204.744472427445,4.096351588695869,61905.27782395022,2933.0816132794457,16866.369924012914,565.0,2020-04-19
528,Sweden,2020-02-18,1.0000000000000005e-09,1e-09,1e-09,1e-09,1e-09,0.0,2020-04-19
529,Sweden,2020-02-19,0.0,0.0,0.0,0.0,0.0,0.0,2020-04-19
530,Sweden,2020-02-20,0.0006530232345758832,1.089291053924136e-05,0.006920902438509098,4.1464048828279854e-05,0.00016574320946662651,0.0,2020-04-19
531,Sweden,2020-02-21,0.0028481571168536123,4.750936725205423e-05,0.030185476552134268,0.0001808452127136493,0.0007228880637288812,0.0,2020-04-19
532,Sweden,2020-02-22,0.007930368718273337,0.00013228441564939672,0.08404801742807877,0.000503542873132699,0.002012799382971453,0.0,2020-04-19
533,Sweden,2020-02-23,0.017387154201776563,0.00029003059190528416,0.1842733788667758,0.001104006370118702,0.004413017161273325,0.0,2020-04-19
534,Sweden,2020-02-24,0.0326353140820014,0.0005443811764923894,0.34587716462849294,0.0020721961868649407,0.008283138197089299,0.0,2020-04-19
535,Sweden,2020-02-25,0.05485775624749718,0.0009150679478894672,0.5813961263277574,0.0034832216730135025,0.013923395222687918,0.0,2020-04-19
536,Sweden,2020-02-26,0.08462048228458982,0.0014349979713762586,0.8967564519887845,0.005437030660659604,0.021658886213119774,0.0,2020-04-19
537,Sweden,2020-02-27,0.1220743784257954,0.002144608115670805,1.2933731619060256,0.008038559862715755,0.03179443811367918,0.0,2020-04-19
538,Sweden,2020-02-28,0.16688174599705488,0.0031203249445660485,1.7676488305038118,0.011450615928934996,0.044600504877577433,0.0,2020-04-19
539,Sweden,2020-02-29,0.21843348205802748,0.00442901672430719,2.315647832818469,0.015908509083154082,0.0605215118261998,0.0,2020-04-19
540,Sweden,2020-03-01,0.27601726693177003,0.006182189202834741,2.9049989790067436,0.02168386426871218,0.08032485172234834,0.0,2020-04-19
541,Sweden,2020-03-02,0.33896403057983704,0.008610587661801627,3.5454565561022853,0.02912503820534348,0.1044945192416048,0.0,2020-04-19
542,Sweden,2020-03-03,0.4067671740010572,0.011920499693791308,4.213373465870375,0.038757705204861666,0.13368669245184914,0.0,2020-04-19
543,Sweden,2020-03-04,0.4791769879174905,0.01646318796836159,4.884540360236451,0.05107601147042082,0.16941268148880395,0.0,2020-04-19
544,Sweden,2020-03-05,0.5562762983794658,0.02262797226925856,5.5283873682185485,0.0667066747465973,0.21251485638717846,0.0,2020-04-19
545,Sweden,2020-03-06,0.6385447785328776,0.030976263017564117,6.201235245553017,0.08672369807846081,0.26433560050769833,0.0,2020-04-19
546,Sweden,2020-03-07,0.7269197859224512,0.042553490330158,6.858757821755745,0.1122545481927508,0.3259185172632558,0.0,2020-04-19
547,Sweden,2020-03-08,0.8228616603594737,0.058192343153166286,7.444978441268269,0.14573664085398486,0.4015352980047805,0.0,2020-04-19
548,Sweden,2020-03-09,0.9284315155184268,0.07841498313199141,8.11112592967704,0.18841107991729225,0.49218926985785605,0.0,2020-04-19
549,Sweden,2020-03-10,1.0463899079899015,0.10677696878273396,8.575632835605624,0.24284571898193674,0.6014054411335219,0.0,2020-04-19
550,Sweden,2020-03-11,1.1803255379229425,0.14517049707754398,9.077343156115472,0.3129429221979861,0.7343156699652662,0.0,2020-04-19
551,Sweden,2020-03-12,1.3343419738962512,0.1988795466380744,9.60517896531336,0.402976664783094,0.8951229235592624,1.0,2020-04-19
552,Sweden,2020-03-13,1.5134676253714758,0.2727664949266495,10.174595242117027,0.5188322652849796,1.0901613473812686,0.0,2020-04-19
553,Sweden,2020-03-14,1.7231003070986757,0.3622278010124542,10.601075173275133,0.6666095421085496,1.3259993579036309,0.0,2020-04-19
554,Sweden,2020-03-15,1.969620857949565,0.4866787439960515,11.175034625354757,0.8510959046855241,1.6014471992574555,0.0,2020-04-19
555,Sweden,2020-03-16,2.260474098210256,0.6438665672522503,11.836244088232238,1.0801212904832282,1.929966471059962,2.0,2020-04-19
556,Sweden,2020-03-17,2.6046907942885684,0.8488971203184492,12.218616454536813,1.3652971888254697,2.329385572722936,4.0,2020-04-19
557,Sweden,2020-03-18,3.012026968391074,1.1242688476966634,12.554804361248104,1.7201768367383243,2.8133867773488457,1.0,2020-04-19
558,Sweden,2020-03-19,3.4942182835743902,1.4882887534316482,12.82768531383498,2.1729849750716173,3.381539019790086,2.0,2020-04-19
559,Sweden,2020-03-20,4.063725737134616,1.929242947888748,13.201455999208006,2.717801125864016,4.052755869593954,0.0,2020-04-19
560,Sweden,2020-03-21,4.7353679795216905,2.489144960624761,13.54216658340346,3.3787405144564016,4.834722112185028,6.0,2020-04-19
561,Sweden,2020-03-22,5.526654957573203,3.1527056921190604,13.894409400437073,4.180816107640362,5.780494413986273,4.0,2020-04-19
562,Sweden,2020-03-23,6.4590660432157065,3.950083318898459,14.110586349732506,5.12029567119726,6.8603597817989685,1.0,2020-04-19
563,Sweden,2020-03-24,7.559260196309112,4.880084907182085,14.708648433785966,6.211365125615032,8.147415597060293,4.0,2020-04-19
564,Sweden,2020-03-25,8.860398422989599,5.8745424623770575,14.831299039772748,7.451259017252491,9.68669164881701,11.0,2020-04-19
565,Sweden,2020-03-26,10.403652179303737,6.736530330024734,16.284256246022935,8.846542719651818,11.514682316439242,6.0,2020-04-19
566,Sweden,2020-03-27,12.239987091318376,7.067778095097919,18.521214056411992,10.374835705955933,13.757863520899706,24.0,2020-04-19
567,Sweden,2020-03-28,14.432324952150967,7.248417269972112,22.246854527685496,12.081950598373762,16.566261235203033,26.0,2020-04-19
568,Sweden,2020-03-29,17.058204327996936,6.999473022595812,27.548904521720534,13.990588285143248,19.978232706225995,10.0,2020-04-19
569,Sweden,2020-03-30,20.213083780258568,6.684536141197444,34.786360347413414,16.147138881662578,24.166731064534737,8.0,2020-04-19
570,Sweden,2020-03-31,24.014463375621386,6.282343680643708,44.33608876634594,18.602762036970784,29.377995224587593,36.0,2020-04-19
571,Sweden,2020-04-01,28.60704173074157,5.950881656434727,56.478377760025474,21.344287002780842,35.66582603812539,34.0,2020-04-19
572,Sweden,2020-04-02,34.16917983992481,5.583758979018634,73.00014103615729,24.430028431439037,43.18727156216895,59.0,2020-04-19
573,Sweden,2020-04-03,40.92101265639751,5.2910008027212685,93.5183031377084,27.903970736919288,52.61481230606703,43.0,2020-04-19
574,Sweden,2020-04-04,49.134639107043675,4.914375673608929,120.05697050657648,31.77288112191457,63.72080789604763,51.0,2020-04-19
575,Sweden,2020-04-05,59.14693642763503,4.558016848718125,153.3991712560148,36.207637253955276,77.55449496638826,40.0,2020-04-19
576,Sweden,2020-04-06,71.37569253290752,4.211823787673779,195.98003542796948,41.25250573124085,94.26095475286965,28.0,2020-04-19
577,Sweden,2020-04-07,86.33993979982296,3.862506276677131,250.7009747716291,46.83420627034594,114.53147121023035,76.0,2020-04-19
578,Sweden,2020-04-08,104.68561708213312,3.5596993429647634,321.48240168631753,53.12674329524779,139.21384400402172,114.0,2020-04-19
579,Sweden,2020-04-09,127.21799946915924,3.277647857759213,410.35752078341653,60.248725502242024,168.74887476613011,96.0,2020-04-19
580,Sweden,2020-04-10,154.9427373361275,3.0054570230901563,526.5446797530187,68.41512971430824,205.79497181703582,106.0,2020-04-19
581,Sweden,2020-04-11,189.11786368833015,2.7105607698966887,673.7560388055779,77.40605140961314,249.65349866601363,77.0,2020-04-19
582,Sweden,2020-04-12,231.31979557268986,2.4846257989448746,860.9731045121933,88.06249033010866,303.1201027352372,17.0,2020-04-19
583,Sweden,2020-04-13,283.5272155098106,2.2682119394595803,1110.059423000279,99.8831506587038,367.51975856747305,12.0,2020-04-19
584,Sweden,2020-04-14,348.2278298951316,2.0388755755860513,1437.407047112489,114.07671882085752,446.4618297712346,20.0,2020-04-19
585,Sweden,2020-04-15,428.5544379453334,1.8522996388089368,1867.0772696862302,129.90569407052564,543.7027389189974,114.0,2020-04-19
586,Sweden,2020-04-16,528.4586046214437,1.6547713706479812,2414.366726201683,147.17566209739198,659.3293264910758,170.0,2020-04-19
587,Sweden,2020-04-17,652.9326414756372,1.482383990252866,3111.1597708863983,166.60965400657767,800.6132535226259,130.0,2020-04-19
588,Sweden,2020-04-18,808.2937270919921,1.3254133003618245,4012.7869424040277,188.55832651835468,971.9648835264051,67.0,2020-04-19
589,Sweden,2020-04-19,1002.5480615934005,1.1854259886173786,5195.468664304191,213.30384657338985,1178.6643908999506,111.0,2020-04-19
590,Switzerland,2020-02-14,1.0000000000000005e-09,1e-09,1e-09,1e-09,1e-09,0.0,2020-04-19
591,Switzerland,2020-02-15,0.0,0.0,0.0,0.0,0.0,0.0,2020-04-19
592,Switzerland,2020-02-16,0.0004076056636271765,1.331282793628745e-05,0.0035509992444781907,4.126583407264841e-05,0.00014042955276614752,0.0,2020-04-19
593,Switzerland,2020-02-17,0.0017777697794835183,5.806382319123839e-05,0.015487662972161984,0.00017998070018633664,0.0006124826942600852,0.0,2020-04-19
594,Switzerland,2020-02-18,0.00494999723297653,0.00016167209469393113,0.04312363149729513,0.0005011357365802292,0.0017053882211420163,0.0,2020-04-19
595,Switzerland,2020-02-19,0.010852757071662273,0.000354462414098148,0.09454758753604474,0.0010987287776246623,0.003739025135939165,0.0,2020-04-19
596,Switzerland,2020-02-20,0.02037039135784341,0.0006653183194967881,0.1774637861450073,0.002062290259383018,0.007018069676946018,0.0,2020-04-19
597,Switzerland,2020-02-21,0.03424125047385376,0.0011183551077903699,0.2983046248195859,0.003466570478732264,0.011796900581330198,0.0,2020-04-19
598,Switzerland,2020-02-22,0.05298331159865505,0.0017527711571088738,0.4607898384342618,0.005411090611031319,0.01835507393421421,0.0,2020-04-19
599,Switzerland,2020-02-23,0.07694717910345744,0.0026154240936112874,0.6666983553553165,0.008017184535867375,0.02701463654265681,0.0,2020-04-19
600,Switzerland,2020-02-24,0.10634080275177213,0.0037721138353432587,0.9156110564559374,0.01145787866755605,0.03812828316768648,0.0,2020-04-19
601,Switzerland,2020-02-25,0.14131624978976592,0.005315384794332776,1.2153063507131852,0.015944095714761953,0.05192951058281807,0.0,2020-04-19
602,Switzerland,2020-02-26,0.18204144571781644,0.0073793610438708124,1.5654950117490851,0.0217356962885544,0.06906425113354557,0.0,2020-04-19
603,Switzerland,2020-02-27,0.2287664263684528,0.010223910700231504,1.9909108778604383,0.029177619638613036,0.0904983550714466,0.0,2020-04-19
604,Switzerland,2020-02-28,0.2818852302602465,0.01410101549836236,2.4721880123924094,0.03880166042732916,0.11696404507582027,0.0,2020-04-19
605,Switzerland,2020-02-29,0.3419963355731348,0.019189232818394426,2.9819404221503047,0.0510810286662664,0.1487933438148369,0.0,2020-04-19
606,Switzerland,2020-03-01,0.409965284529084,0.02621520072598328,3.545832320879016,0.06723086735269615,0.18825254396590416,0.0,2020-04-19
607,Switzerland,2020-03-02,0.4869935828572381,0.03556015832843235,4.185576743798643,0.08777564760780887,0.2369389878173483,0.0,2020-04-19
608,Switzerland,2020-03-03,0.5746984532344781,0.04820239541680847,4.8529777995628605,0.11462213288835685,0.2964470491486628,0.0,2020-04-19
609,Switzerland,2020-03-04,0.6747768185064205,0.065521725196002,5.576746914617313,0.14887757587755782,0.3683336439664917,0.0,2020-04-19
610,Switzerland,2020-03-05,0.7893051144556251,0.08824860351591729,6.3535276358791615,0.19222338575070128,0.4574364757932501,0.0,2020-04-19
611,Switzerland,2020-03-06,0.9206491131394584,0.11861475985020332,7.0814272610244,0.24753927271229945,0.5630966498715562,1.0,2020-04-19
612,Switzerland,2020-03-07,1.0717050467447746,0.15961042906208786,7.96020558111043,0.3184245936506561,0.694174117532216,0.0,2020-04-19
613,Switzerland,2020-03-08,1.2461181244682475,0.2148353048744908,8.857782125711434,0.4086262420599669,0.8509798364004193,0.0,2020-04-19
614,Switzerland,2020-03-09,1.4485267575987195,0.2862276177092169,9.786890477864024,0.5232435071557343,1.0409696251196157,1.0,2020-04-19
615,Switzerland,2020-03-10,1.6848423241893535,0.38328611127789547,10.687086035232713,0.667677882359869,1.2733733890040693,0.0,2020-04-19
616,Switzerland,2020-03-11,1.9625797512302767,0.5124925829123741,11.51948370353299,0.8497391083893919,1.553578740345854,1.0,2020-04-19
617,Switzerland,2020-03-12,2.291258146463735,0.6762901989780192,12.364167669434304,1.08473673108836,1.8992976819117269,1.0,2020-04-19
618,Switzerland,2020-03-13,2.68289496393086,0.8963294025893227,13.239595232140346,1.3805484812020603,2.3032206036488625,0.0,2020-04-19
619,Switzerland,2020-03-14,3.1526225699561614,1.179868996719208,13.931760292528493,1.758127709685802,2.8014169511311597,3.0,2020-04-19
620,Switzerland,2020-03-15,3.7178702460069455,1.5441003091122094,14.80974319587905,2.2320694967415897,3.399127307368645,4.0,2020-04-19
621,Switzerland,2020-03-16,4.3980952697463085,2.028771801785023,15.658394094323151,2.822891901744802,4.127146061951748,2.0,2020-04-19
622,Switzerland,2020-03-17,5.215692740920402,2.6578724348692866,16.858709633694446,3.5645137658314563,5.019057501420353,1.0,2020-04-19
623,Switzerland,2020-03-18,6.193331751429343,3.4126798771867666,17.952391825189476,4.4685377584801165,6.103071975412114,5.0,2020-04-19
624,Switzerland,2020-03-19,7.357072396758398,4.36061328356823,19.333100132084848,5.596509290250215,7.3815796611269295,2.0,2020-04-19
625,Switzerland,2020-03-20,8.736507469273429,5.538384238071711,20.56832958113297,6.9610226509046695,8.93760101145876,12.0,2020-04-19
626,Switzerland,2020-03-21,10.36733035881455,6.974218810141095,21.51430034727039,8.569613674794882,10.761804490118628,10.0,2020-04-19
627,Switzerland,2020-03-22,12.271109190800278,8.593734171256935,22.26322157468621,10.43028270045621,12.876686133424457,13.0,2020-04-19
628,Switzerland,2020-03-23,14.466844088300867,10.32735085305815,23.213714639236265,12.547808859671884,15.385985522516313,4.0,2020-04-19
629,Switzerland,2020-03-24,16.96141986223188,11.948041233938074,25.03503772338879,14.909052127131536,18.321580852452406,6.0,2020-04-19
630,Switzerland,2020-03-25,19.75576371096668,13.176654956524226,27.8386688678793,17.457594750385553,21.580604173167075,20.0,2020-04-19
631,Switzerland,2020-03-26,22.848394818050075,13.658972939999211,32.23725650806766,20.168530143078648,25.27837812217618,17.0,2020-04-19
632,Switzerland,2020-03-27,26.238362735895404,13.801542408940515,37.57740563991077,22.9811842213903,29.43336648244591,58.0,2020-04-19
633,Switzerland,2020-03-28,29.92753488775905,13.677482651072244,43.87957805336772,25.916866914498748,34.14794959107452,36.0,2020-04-19
634,Switzerland,2020-03-29,33.92235061674332,13.518939360617695,51.139723679735496,29.081489297503918,39.25486659519032,38.0,2020-04-19
635,Switzerland,2020-03-30,38.235184514430564,13.133445152802867,59.46518441076192,32.349859241155386,44.90280852800566,22.0,2020-04-19
636,Switzerland,2020-03-31,42.8854460664408,12.697208319621305,69.83898651439179,35.6568272856251,51.08664101941331,38.0,2020-04-19
637,Switzerland,2020-04-01,47.90052095909198,12.216041594880764,81.86053233622772,38.944628258595785,57.699116673342765,78.0,2020-04-19
638,Switzerland,2020-04-02,53.31664164945536,11.69390576129844,96.2635241755494,42.17152531441085,64.9269722146481,5.0,2020-04-19
639,Switzerland,2020-04-03,59.17976222405911,11.12229790813848,112.72377469524919,45.53266277205029,73.02609085191608,54.0,2020-04-19
640,Switzerland,2020-04-04,65.5465042177093,10.522238001368498,132.5498999180872,48.767382838593186,82.00570565398131,52.0,2020-04-19
641,Switzerland,2020-04-05,72.48523495626199,9.888626311854082,155.30026194656068,52.066608358030294,91.5798437399102,56.0,2020-04-19
642,Switzerland,2020-04-06,80.07733754628464,9.201932120221137,182.0423646827236,55.05471601620534,102.09363889150448,19.0,2020-04-19
643,Switzerland,2020-04-07,88.41873161852864,8.570918182532166,214.85310092978642,57.98945168264261,113.6452785424158,25.0,2020-04-19
644,Switzerland,2020-04-08,97.62170630762975,7.941588682709174,252.394621982575,60.774405036404026,125.5063839175315,57.0,2020-04-19
645,Switzerland,2020-04-09,107.81713180534821,7.323860512043867,297.4779948646725,63.42777387088404,138.94545155346492,64.0,2020-04-19
646,Switzerland,2020-04-10,119.15712332908369,6.690601334911017,349.83873301256546,66.00948009950515,153.7270375290554,51.0,2020-04-19
647,Switzerland,2020-04-11,131.81824174625314,6.1310970014443775,410.48051090865334,68.02480421151353,169.45566327282663,49.0,2020-04-19
648,Switzerland,2020-04-12,146.0053287173273,5.588316500715342,478.2637260393572,70.15532328153408,186.88890278962947,26.0,2020-04-19
649,Switzerland,2020-04-13,161.9560914963591,5.111875656864182,560.3959150126294,72.45573049223194,206.93126486842368,27.0,2020-04-19
650,Switzerland,2020-04-14,179.9465740118898,4.66528024266144,651.2125225022157,75.03787978968762,228.6366691788541,0.0,2020-04-19
651,Switzerland,2020-04-15,200.29767724708717,4.1965461157458375,769.1558861707471,76.98392589193699,252.98250158356902,42.0,2020-04-19
652,Switzerland,2020-04-16,223.38292413008355,3.7822302070551115,895.2133331157379,78.44177446870157,279.6133192945845,73.0,2020-04-19
653,Switzerland,2020-04-17,249.6377032346882,3.39551210590026,1046.763544570405,80.01276754652827,308.9066133693006,43.0,2020-04-19
654,Switzerland,2020-04-18,279.57027293977853,3.0598748511721663,1234.8018792256246,82.07564008428395,340.1208919469683,42.0,2020-04-19
655,Switzerland,2020-04-19,313.77486497916135,2.757517537807479,1447.425111850871,83.66793423855566,376.22953855800523,52.0,2020-04-19
656,United_Kingdom,2020-02-12,1.0000000000000005e-09,1e-09,1e-09,1e-09,1e-09,0.0,2020-04-19
657,United_Kingdom,2020-02-13,0.0,0.0,0.0,0.0,0.0,0.0,2020-04-19
658,United_Kingdom,2020-02-14,0.00043822968337304884,3.801049130727926e-05,0.003219794997001177,8.87476576344067e-05,0.00022463946591027027,0.0,2020-04-19
659,United_Kingdom,2020-02-15,0.0019113362671177906,0.0001657825412632384,0.01404311753390288,0.0003870724031124056,0.0009797637506329536,0.0,2020-04-19
660,United_Kingdom,2020-02-16,0.005321897887289664,0.00046160258206619784,0.03910145944509115,0.0010777589688382631,0.0027280404417791425,0.0,2020-04-19
661,United_Kingdom,2020-02-17,0.011668140851912529,0.0010120532297356632,0.08572906620593268,0.002362962183632065,0.00598116701946036,0.0,2020-04-19
662,United_Kingdom,2020-02-18,0.021900849157724063,0.0018996021221662906,0.16091161147586966,0.004435229142837234,0.011226521717800857,0.0,2020-04-19
663,United_Kingdom,2020-02-19,0.03681384654944162,0.003193102720665957,0.27048153842047795,0.0074553202891877845,0.018871023896227947,0.0,2020-04-19
664,United_Kingdom,2020-02-20,0.0571051918541516,0.004998591387127872,0.4190869084620423,0.011635768768417938,0.029389038002267026,0.0,2020-04-19
665,United_Kingdom,2020-02-21,0.08337513654807863,0.007437847415145762,0.61110157922984,0.017235912798519267,0.04328974202468088,0.0,2020-04-19
666,United_Kingdom,2020-02-22,0.11622450869675735,0.010689020478884276,0.8500406912991005,0.02459659934991667,0.06118844973930462,0.0,2020-04-19
667,United_Kingdom,2020-02-23,0.15632236150683956,0.015005912060724987,1.1385733737287866,0.03413549420924342,0.08378003344586399,0.0,2020-04-19
668,United_Kingdom,2020-02-24,0.20447551963243749,0.02073143204307857,1.4785459617676238,0.046447045951253464,0.1125048180557307,0.0,2020-04-19
669,United_Kingdom,2020-02-25,0.26170038656127,0.02832498964089163,1.8817777616983933,0.06226722940469255,0.14820479729620184,0.0,2020-04-19
670,United_Kingdom,2020-02-26,0.32930014663306584,0.03832156395633013,2.3507994273809945,0.0826917356088431,0.1924325096682804,0.0,2020-04-19
671,United_Kingdom,2020-02-27,0.408951387720492,0.051708208181131296,2.892235669040817,0.1087272829188032,0.2467643383333017,0.0,2020-04-19
672,United_Kingdom,2020-02-28,0.502804963862064,0.06944254787092558,3.4998175605687463,0.14239297817288624,0.3142711866885129,0.0,2020-04-19
673,United_Kingdom,2020-02-29,0.6136068314258367,0.093212943436212,4.223826201935005,0.18538010027539115,0.3978905691993875,0.0,2020-04-19
674,United_Kingdom,2020-03-01,0.7448457698028258,0.12432002313169027,4.968276314799693,0.24007884494628515,0.5028082549251898,0.0,2020-04-19
675,United_Kingdom,2020-03-02,0.900936448277231,0.1662344065445431,5.800600750435008,0.31059588457231146,0.6310090621968001,0.0,2020-04-19
676,United_Kingdom,2020-03-03,1.087448331535716,0.22155628648734305,6.719902964363349,0.4018247543646191,0.7909909409295175,0.0,2020-04-19
677,United_Kingdom,2020-03-04,1.3113935540579764,0.2941995040346653,7.770902899093753,0.5186582468111932,0.9893504177232256,0.0,2020-04-19
678,United_Kingdom,2020-03-05,1.5815903012370982,0.3930942876435791,8.974828507516762,0.6694142559845982,1.2356175279561337,0.0,2020-04-19
679,United_Kingdom,2020-03-06,1.909122624380628,0.5228133428795054,10.273892734324926,0.8628652136863311,1.5432292893506347,1.0,2020-04-19
680,United_Kingdom,2020-03-07,2.307923262310672,0.6942044805916552,11.86828741364948,1.1115582001628286,1.9227666888123365,0.0,2020-04-19
681,United_Kingdom,2020-03-08,2.795513298636912,0.918818254309736,13.567447810953087,1.4292670543934165,2.3963085461918765,1.0,2020-04-19
682,United_Kingdom,2020-03-09,3.393941808121245,1.2211290101502907,15.785135990809367,1.8356884369326776,2.990496383486562,1.0,2020-04-19
683,United_Kingdom,2020-03-10,4.130980627629712,1.6242945519287249,18.08710131991896,2.361688553185364,3.714761507068202,2.0,2020-04-19
684,United_Kingdom,2020-03-11,5.04164478823989,2.149606875681485,20.47605472700515,3.0399493288100063,4.618233297079751,1.0,2020-04-19
685,United_Kingdom,2020-03-12,6.170128948612643,2.8430737391284184,23.295957354549106,3.912155865280965,5.719851693143778,0.0,2020-04-19
686,United_Kingdom,2020-03-13,7.572275647288484,3.756499244362478,26.705929395672868,5.023011881179699,7.137104906733844,4.0,2020-04-19
687,United_Kingdom,2020-03-14,9.31192124421206,4.908593459204232,30.237739258253818,6.441223025803031,8.870257091323943,0.0,2020-04-19
688,United_Kingdom,2020-03-15,11.467210348648806,6.421192311848516,34.27712846068822,8.245653293142952,11.032507916125901,11.0,2020-04-19
689,United_Kingdom,2020-03-16,14.131260332494232,8.400083533262164,39.680431827462016,10.499017775934092,13.741420675511927,14.0,2020-04-19
690,United_Kingdom,2020-03-17,17.41834174525314,10.955834751088718,45.167185285231476,13.34503709809486,17.038662326848282,20.0,2020-04-19
691,United_Kingdom,2020-03-18,21.449698000470267,14.135272759954931,50.5806862354585,16.944547655673865,21.21328490812945,5.0,2020-04-19
692,United_Kingdom,2020-03-19,26.370272902686377,18.129621131794078,57.85304541820275,21.435028619767426,26.424202931726022,43.0,2020-04-19
693,United_Kingdom,2020-03-20,32.3478262914373,22.993550459315248,65.76863642961608,26.966665655576428,32.93368999979436,41.0,2020-04-19
694,United_Kingdom,2020-03-21,39.588720597645896,28.889122422159303,73.0278645398438,33.776829213928316,40.8709849577734,33.0,2020-04-19
695,United_Kingdom,2020-03-22,48.353642651732606,35.7181297834823,81.06073332814665,42.0961369826765,50.56758398120417,56.0,2020-04-19
696,United_Kingdom,2020-03-23,58.9483325519906,43.66369805512457,89.34945968483153,52.05417881679136,62.68520720437997,48.0,2020-04-19
697,United_Kingdom,2020-03-24,71.75315353077958,52.13218165333797,99.72058532433144,63.795302515722504,77.30774456870141,54.0,2020-04-19
698,United_Kingdom,2020-03-25,87.22914382150562,59.682471639491816,119.27859411863173,77.38101389777034,95.51791942542084,87.0,2020-04-19
699,United_Kingdom,2020-03-26,105.67816194437387,63.090045133230745,146.5687556706083,93.39652583279236,117.48984186746486,41.0,2020-04-19
700,United_Kingdom,2020-03-27,127.37291445309894,64.86532858223164,181.69894228845786,111.70372344549013,143.8766884454987,115.0,2020-04-19
701,United_Kingdom,2020-03-28,152.4402200291326,66.11834691534816,225.62001832892014,132.2960915222448,175.25116507285102,181.0,2020-04-19
702,United_Kingdom,2020-03-29,180.92899964425342,66.64152150302091,275.88838864820895,154.66973498749906,211.02366207436646,260.0,2020-04-19
703,United_Kingdom,2020-03-30,212.84902463776424,66.79296761240066,336.2121582724388,180.25549810823222,252.03587878028225,209.0,2020-04-19
704,United_Kingdom,2020-03-31,248.20362677230736,65.9359630973495,405.46753489226455,208.00566518340943,298.28380774138145,180.0,2020-04-19
705,United_Kingdom,2020-04-01,287.01571765590563,64.7842526558451,481.5061034883152,237.31854184768315,348.10098834601547,381.0,2020-04-19
706,United_Kingdom,2020-04-02,329.34824137513726,62.892649808843295,567.6164868611288,268.9596858484821,403.8318219007182,743.0,2020-04-19
707,United_Kingdom,2020-04-03,375.3204784124373,60.95767876749668,665.1853911676574,301.7332631898669,464.4146041840384,389.0,2020-04-19
708,United_Kingdom,2020-04-04,425.1214651196669,58.52607434568396,779.3122018287213,335.8606547167549,529.6112485407937,684.0,2020-04-19
709,United_Kingdom,2020-04-05,479.0215806311263,55.847496191694994,914.0986355105788,372.4461038879952,601.4984098477316,708.0,2020-04-19
710,United_Kingdom,2020-04-06,537.383186611047,52.98112205936574,1072.9459755631158,406.1744481068149,677.2172967382102,621.0,2020-04-19
711,United_Kingdom,2020-04-07,600.6710931017293,49.85451265739302,1244.2794205020655,440.1344378724466,765.124181310184,439.0,2020-04-19
712,United_Kingdom,2020-04-08,669.4635529650733,46.70461028109975,1449.2437039061695,475.3081488021306,863.2689718441103,786.0,2020-04-19
713,United_Kingdom,2020-04-09,744.4644464912117,43.654140360604245,1699.092832891631,510.34316818865,964.9845668404204,938.0,2020-04-19
714,United_Kingdom,2020-04-10,826.5173006344456,40.564460725471456,1984.8945120854314,541.5433686554844,1077.6809735651718,881.0,2020-04-19
715,United_Kingdom,2020-04-11,916.62179213843,37.51819673295793,2302.5125329973857,573.1715558197341,1198.051145349165,980.0,2020-04-19
716,United_Kingdom,2020-04-12,1015.953411011882,34.59400960218521,2688.6895340701985,604.3242862642084,1325.8629041217944,917.0,2020-04-19
717,United_Kingdom,2020-04-13,1125.8870121330913,31.671367885629948,3138.050244384265,632.2869188021959,1467.125970876045,737.0,2020-04-19
718,United_Kingdom,2020-04-14,1248.0250606570844,28.936681147308374,3658.5997672195476,656.4850584368281,1626.2585264164618,717.0,2020-04-19
719,United_Kingdom,2020-04-15,1384.231484476687,26.389530016783016,4298.615904496615,685.7522927466988,1806.9270783719908,778.0,2020-04-19
720,United_Kingdom,2020-04-16,1536.672188099816,23.96879517454553,5026.66462165888,710.3291351645705,1994.650775876572,761.0,2020-04-19
721,United_Kingdom,2020-04-17,1707.8634617531775,21.69214038408711,5872.9800243770715,733.6185660842917,2202.6451711826094,861.0,2020-04-19
722,United_Kingdom,2020-04-18,1900.7297433135227,19.599290277155237,6897.879083700751,753.3108273251163,2430.2951720424758,847.0,2020-04-19
723,United_Kingdom,2020-04-19,2118.672466301617,17.671989794028015,8137.269489772415,776.0392585748206,2678.165272220096,888.0,2020-04-19
